Shovel,Alligator,Spanner
Anvil,Caiman,Tortoise
Nail,Boa python,Snake
Paint brush,Chisel,Toad
Shovel,Caiman,Crocodile
Alligator,Gecko,Salamander
Cobra,Boa python,Turtle
Oil can,Grinding disk,Hammer
Paint brush,Lizard,Spanner
Gecko,Axe,Vacuum
Toad,Caiman,Tortoise
Chameleon,Cobra,Shovel
Anvil,Chisel,Grinding disk
Saw,Alligator,Caiman
Paint brush,Lawn Mower,Lizard
Hammer,Blindworm,Lizard
Blindworm,Anvil,Axe
Dinosaur,Anvil,Crocodile
Knife,Crocodile,Turtle
Anvil,Lizard,Toad
Lizard,Snake,Spanner
Caiman,Gecko,Paint brush
Snake,Caiman,Knife
Knife,Caiman,Crocodile
Lawn Mower,Chameleon,Nail
Lizard,Turtle,Vacuum
Gecko,Chisel,Knife
Tortoise,Blindworm,Paint brush
Dinosaur,Gecko,Knife
Oil can,Chisel,Crocodile
Chisel,Alligator,Saw
Tortoise,Grinding disk,Oil can
Grinding disk,Blindworm,Oil can
Toad,Hammer,Lawn Mower
Knife,Gecko,Lizard
Caiman,Chameleon,Spanner
Oil can,Chisel,Gecko
Crocodile,Grinding disk,Turtle
Nail,Knife,Lawn Mower
Snake,Knife,Oil can
Lawn Mower,Axe,Caiman
Anvil,Lizard,Saw
Shovel,Cobra,Toad
Alligator,Blindworm,Lawn Mower
Crocodile,Cobra,Salamander
Caiman,Chisel,Salamander
Chisel,Paint brush,Saw
Grinding disk,Blindworm,Knife
Saw,Gecko,Salamander
Knife,Lawn Mower,Vacuum
Crocodile,Hammer,Spanner
Grinding disk,Hammer,Screwdriver
Toad,Paint brush,Tortoise
Screwdriver,Axe,Dinosaur
Oil can,Axe,Snake
Nail,Dinosaur,Oil can
Oil can,Snake,Toad
Axe,Gecko,Vacuum
Toad,Caiman,Oil can
Shovel,Dinosaur,Lawn Mower
Hammer,Anvil,Lizard
Salamander,Blindworm,Tortoise
Chameleon,Boa python,Toad
Crocodile,Alligator,Screwdriver
Lizard,Gecko,Turtle
Crocodile,Gecko,Turtle
Anvil,Crocodile,Grinding disk
Anvil,Caiman,Knife
Salamander,Alligator,Nail
Grinding disk,Axe,Dinosaur
Snake,Chisel,Vacuum
Toad,Crocodile,Lizard
Axe,Salamander,Turtle
Saw,Cobra,Turtle
Blindworm,Caiman,Cobra
Chameleon,Alligator,Oil can
Lawn Mower,Cobra,Screwdriver
Screwdriver,Paint brush,Salamander
Lawn Mower,Anvil,Knife
Snake,Boa python,Chameleon
Vacuum,Lizard,Paint brush
Boa python,Dinosaur,Saw
Blindworm,Salamander,Snake
Nail,Lizard,Screwdriver
Chameleon,Knife,Oil can
Chisel,Knife,Lawn Mower
Knife,Anvil,Axe
Nail,Cobra,Crocodile
Lizard,Hammer,Nail
Nail,Spanner,Turtle
Crocodile,Salamander,Tortoise
Tortoise,Chisel,Spanner
Gecko,Anvil,Cobra
Caiman,Lizard,Shovel
Snake,Paint brush,Vacuum
Saw,Alligator,Toad
Chisel,Blindworm,Boa python
Boa python,Nail,Shovel
Dinosaur,Lawn Mower,Vacuum
Oil can,Chameleon,Grinding disk
Grinding disk,Blindworm,Cobra
Chameleon,Grinding disk,Toad
Toad,Gecko,Shovel
Toad,Axe,Salamander
Chisel,Alligator,Lawn Mower
Chisel,Anvil,Oil can
Paint brush,Caiman,Vacuum
Knife,Alligator,Gecko
Hammer,Blindworm,Salamander
Nail,Crocodile,Knife
Crocodile,Alligator,Grinding disk
Alligator,Boa python,Chameleon
Saw,Toad,Tortoise
Turtle,Knife,Salamander
Anvil,Lawn Mower,Snake
Hammer,Chameleon,Crocodile
Grinding disk,Salamander,Saw
Crocodile,Lizard,Shovel
Blindworm,Boa python,Lawn Mower
Dinosaur,Crocodile,Shovel
Oil can,Anvil,Chameleon
Lizard,Caiman,Grinding disk
Shovel,Cobra,Spanner
Chameleon,Chisel,Gecko
Lawn Mower,Knife,Snake
Salamander,Alligator,Blindworm
Tortoise,Axe,Oil can
Crocodile,Lawn Mower,Lizard
Saw,Blindworm,Boa python
Dinosaur,Snake,Spanner
Salamander,Toad,Turtle
Vacuum,Spanner,Turtle
Snake,Boa python,Paint brush
Salamander,Axe,Oil can
Axe,Dinosaur,Gecko
Chameleon,Knife,Nail
Paint brush,Knife,Oil can
Tortoise,Blindworm,Cobra
Oil can,Dinosaur,Vacuum
Lizard,Axe,Spanner
Caiman,Cobra,Turtle
Lizard,Snake,Toad
Saw,Nail,Salamander
Shovel,Dinosaur,Saw
Knife,Anvil,Gecko
Saw,Hammer,Turtle
Lawn Mower,Gecko,Snake
Paint brush,Knife,Tortoise
Turtle,Boa python,Vacuum
Chameleon,Hammer,Snake
Screwdriver,Crocodile,Lizard
Nail,Lizard,Paint brush
Blindworm,Spanner,Turtle
Lizard,Knife,Saw
Anvil,Chisel,Tortoise
Alligator,Axe,Saw
Nail,Grinding disk,Tortoise
Saw,Dinosaur,Shovel
Axe,Gecko,Turtle
Axe,Alligator,Oil can
Knife,Anvil,Paint brush
Blindworm,Lawn Mower,Lizard
Chameleon,Anvil,Vacuum
Boa python,Chisel,Grinding disk
Snake,Crocodile,Lawn Mower
Oil can,Caiman,Chisel
Paint brush,Crocodile,Turtle
Caiman,Gecko,Vacuum
Oil can,Cobra,Salamander
Nail,Dinosaur,Toad
Salamander,Blindworm,Hammer
Oil can,Alligator,Paint brush
Hammer,Oil can,Snake
Vacuum,Boa python,Shovel
Dinosaur,Chisel,Paint brush
Turtle,Axe,Hammer
Oil can,Cobra,Grinding disk
Nail,Anvil,Chisel
Hammer,Blindworm,Toad
Toad,Blindworm,Cobra
Salamander,Snake,Turtle
Saw,Anvil,Snake
Chameleon,Blindworm,Boa python
Crocodile,Dinosaur,Vacuum
Hammer,Alligator,Nail
Snake,Spanner,Vacuum
Anvil,Chameleon,Dinosaur
Tortoise,Hammer,Screwdriver
Chisel,Salamander,Screwdriver
Spanner,Saw,Screwdriver
Shovel,Knife,Oil can
Shovel,Blindworm,Gecko
Spanner,Caiman,Screwdriver
Paint brush,Caiman,Crocodile
Anvil,Alligator,Boa python
Boa python,Hammer,Toad
Gecko,Shovel,Tortoise
Nail,Crocodile,Spanner
Crocodile,Shovel,Snake
Turtle,Snake,Vacuum
Gecko,Hammer,Oil can
Blindworm,Gecko,Nail
Anvil,Paint brush,Salamander
Snake,Anvil,Lawn Mower
Screwdriver,Blindworm,Grinding disk
Boa python,Caiman,Chameleon
Gecko,Cobra,Spanner
Chameleon,Dinosaur,Shovel
Tortoise,Alligator,Lizard
Paint brush,Boa python,Caiman
Caiman,Hammer,Turtle
Knife,Crocodile,Spanner
Snake,Alligator,Chisel
Lizard,Axe,Nail
Chisel,Lawn Mower,Oil can
Knife,Anvil,Shovel
Chisel,Caiman,Spanner
Blindworm,Boa python,Grinding disk
Shovel,Oil can,Salamander
Chisel,Oil can,Toad
Nail,Blindworm,Grinding disk
Cobra,Chameleon,Dinosaur
Blindworm,Paint brush,Shovel
Tortoise,Dinosaur,Toad
Grinding disk,Chisel,Lizard
Oil can,Hammer,Paint brush
Turtle,Alligator,Shovel
Saw,Anvil,Chisel
Vacuum,Axe,Gecko
Nail,Anvil,Dinosaur
Oil can,Alligator,Tortoise
Toad,Lawn Mower,Spanner
Screwdriver,Chameleon,Snake
Cobra,Chameleon,Shovel
Dinosaur,Knife,Spanner
Snake,Anvil,Paint brush
Knife,Grinding disk,Vacuum
Boa python,Hammer,Paint brush
Spanner,Boa python,Tortoise
Spanner,Boa python,Shovel
Alligator,Caiman,Toad
Cobra,Chisel,Paint brush
Nail,Anvil,Lizard
Snake,Dinosaur,Screwdriver
Lizard,Cobra,Crocodile
Lawn Mower,Chameleon,Saw
Toad,Caiman,Chameleon
Cobra,Alligator,Toad
Axe,Nail,Tortoise
Vacuum,Chisel,Crocodile
Vacuum,Cobra,Nail
Axe,Boa python,Nail
Knife,Alligator,Paint brush
Dinosaur,Boa python,Grinding disk
Knife,Crocodile,Gecko
Oil can,Chisel,Dinosaur
Nail,Anvil,Screwdriver
Chisel,Nail,Salamander
Spanner,Caiman,Vacuum
Gecko,Chameleon,Nail
Oil can,Lizard,Turtle
Turtle,Alligator,Saw
Gecko,Oil can,Vacuum
Salamander,Chisel,Gecko
Salamander,Axe,Dinosaur
Salamander,Chisel,Vacuum
Dinosaur,Grinding disk,Paint brush
Lizard,Caiman,Cobra
Nail,Lizard,Shovel
Spanner,Lawn Mower,Vacuum
Hammer,Lizard,Paint brush
Knife,Anvil,Chisel
Vacuum,Boa python,Turtle
Gecko,Axe,Screwdriver
Vacuum,Grinding disk,Nail
Oil can,Alligator,Grinding disk
Paint brush,Blindworm,Spanner
Shovel,Grinding disk,Toad
Paint brush,Caiman,Spanner
Blindworm,Chisel,Grinding disk
Tortoise,Lizard,Toad
Saw,Lawn Mower,Paint brush
Vacuum,Alligator,Salamander
Knife,Nail,Paint brush
Vacuum,Axe,Boa python
Lizard,Caiman,Salamander
Chameleon,Lizard,Toad
Snake,Caiman,Dinosaur
Lizard,Lawn Mower,Nail
Vacuum,Anvil,Chisel
Screwdriver,Knife,Tortoise
Axe,Grinding disk,Salamander
Snake,Alligator,Knife
Grinding disk,Caiman,Saw
Alligator,Grinding disk,Tortoise
Shovel,Oil can,Toad
Hammer,Blindworm,Knife
Toad,Boa python,Lizard
Grinding disk,Turtle,Vacuum
Axe,Spanner,Turtle
Lizard,Alligator,Anvil
Snake,Gecko,Knife
Lawn Mower,Anvil,Gecko
Gecko,Chameleon,Knife
Snake,Chisel,Hammer
Chisel,Crocodile,Spanner
Crocodile,Knife,Saw
Chameleon,Lizard,Tortoise
Grinding disk,Chameleon,Snake
Blindworm,Oil can,Snake
Screwdriver,Chisel,Grinding disk
Axe,Blindworm,Dinosaur
Cobra,Paint brush,Shovel
Shovel,Alligator,Axe
Vacuum,Boa python,Caiman
Nail,Alligator,Chisel
Chisel,Knife,Turtle
Screwdriver,Spanner,Vacuum
Shovel,Anvil,Caiman
Nail,Hammer,Snake
Shovel,Saw,Vacuum
Alligator,Grinding disk,Screwdriver
Lawn Mower,Oil can,Paint brush
Cobra,Anvil,Spanner
Hammer,Grinding disk,Spanner
Shovel,Axe,Oil can
Chisel,Hammer,Tortoise
Saw,Anvil,Hammer
Screwdriver,Knife,Snake
Hammer,Axe,Shovel
Anvil,Saw,Toad
Toad,Crocodile,Grinding disk
Tortoise,Saw,Snake
Shovel,Caiman,Grinding disk
Axe,Alligator,Gecko
Anvil,Cobra,Toad
Screwdriver,Lawn Mower,Vacuum
Knife,Lawn Mower,Toad
Lizard,Alligator,Crocodile
Hammer,Anvil,Knife
Snake,Blindworm,Vacuum
Spanner,Knife,Screwdriver
Chameleon,Saw,Snake
Chameleon,Caiman,Spanner
Boa python,Knife,Turtle
Snake,Chisel,Oil can
Hammer,Screwdriver,Toad
Chameleon,Grinding disk,Lawn Mower
Anvil,Boa python,Turtle
Saw,Gecko,Tortoise
Salamander,Gecko,Hammer
Knife,Anvil,Hammer
Blindworm,Dinosaur,Screwdriver
Lizard,Alligator,Nail
Nail,Hammer,Shovel
Shovel,Caiman,Chameleon
Knife,Alligator,Hammer
Axe,Chisel,Salamander
Caiman,Paint brush,Shovel
Nail,Screwdriver,Vacuum
Turtle,Cobra,Salamander
Oil can,Turtle,Vacuum
Snake,Dinosaur,Shovel
Oil can,Blindworm,Knife
Nail,Lizard,Turtle
Snake,Chameleon,Cobra
Chisel,Alligator,Turtle
Knife,Boa python,Gecko
Nail,Anvil,Gecko
Hammer,Oil can,Toad
Vacuum,Gecko,Knife
Salamander,Grinding disk,Spanner
Oil can,Cobra,Lawn Mower
Lawn Mower,Grinding disk,Hammer
Chisel,Oil can,Saw
Blindworm,Saw,Shovel
Nail,Chisel,Snake
Spanner,Oil can,Screwdriver
Chameleon,Axe,Grinding disk
Anvil,Hammer,Lawn Mower
Chisel,Dinosaur,Snake
Spanner,Lizard,Toad
Spanner,Dinosaur,Gecko
Chisel,Hammer,Nail
Vacuum,Blindworm,Lawn Mower
Nail,Boa python,Screwdriver
Vacuum,Caiman,Tortoise
Screwdriver,Crocodile,Shovel
Lawn Mower,Axe,Saw
Axe,Alligator,Chisel
Snake,Chameleon,Vacuum
Axe,Anvil,Grinding disk
Chameleon,Hammer,Paint brush
Grinding disk,Crocodile,Nail
Crocodile,Alligator,Caiman
Anvil,Turtle,Vacuum
Shovel,Chameleon,Oil can
Chisel,Anvil,Turtle
Boa python,Alligator,Dinosaur
Spanner,Grinding disk,Lizard
Screwdriver,Lawn Mower,Oil can
Knife,Crocodile,Lizard
Chisel,Crocodile,Grinding disk
Grinding disk,Blindworm,Crocodile
Anvil,Knife,Shovel
Lawn Mower,Snake,Turtle
Snake,Anvil,Vacuum
Vacuum,Alligator,Saw
Blindworm,Axe,Boa python
Hammer,Screwdriver,Spanner
Chisel,Paint brush,Salamander
Paint brush,Nail,Salamander
Chameleon,Dinosaur,Toad
Chameleon,Lizard,Snake
Lizard,Caiman,Toad
Oil can,Salamander,Shovel
Hammer,Blindworm,Snake
Anvil,Crocodile,Paint brush
Chameleon,Toad,Tortoise
Chisel,Anvil,Paint brush
Shovel,Chisel,Salamander
Turtle,Cobra,Lawn Mower
Lizard,Snake,Vacuum
Chameleon,Axe,Saw
Salamander,Hammer,Oil can
Spanner,Paint brush,Shovel
Turtle,Anvil,Shovel
Lawn Mower,Nail,Saw
Blindworm,Lizard,Turtle
Lizard,Alligator,Axe
Boa python,Lizard,Nail
Crocodile,Cobra,Gecko
Boa python,Caiman,Toad
Nail,Alligator,Snake
Spanner,Lawn Mower,Nail
Grinding disk,Crocodile,Lawn Mower
Gecko,Hammer,Turtle
Saw,Crocodile,Dinosaur
Toad,Blindworm,Crocodile
Blindworm,Turtle,Vacuum
Hammer,Screwdriver,Vacuum
Saw,Alligator,Spanner
Spanner,Alligator,Boa python
Paint brush,Axe,Salamander
Snake,Cobra,Turtle
Crocodile,Paint brush,Saw
Saw,Cobra,Gecko
Gecko,Knife,Snake
Alligator,Crocodile,Knife
Toad,Nail,Paint brush
Chameleon,Chisel,Cobra
Tortoise,Caiman,Chisel
Lawn Mower,Dinosaur,Nail
Tortoise,Snake,Turtle
Crocodile,Blindworm,Salamander
Blindworm,Salamander,Vacuum
Salamander,Dinosaur,Lizard
Spanner,Hammer,Knife
Paint brush,Axe,Caiman
Boa python,Alligator,Gecko
Shovel,Boa python,Hammer
Lizard,Anvil,Oil can
Shovel,Cobra,Snake
Cobra,Lizard,Shovel
Gecko,Dinosaur,Oil can
Knife,Caiman,Lizard
Axe,Nail,Salamander
Chisel,Gecko,Shovel
Spanner,Anvil,Saw
Screwdriver,Cobra,Toad
Saw,Chisel,Dinosaur
Anvil,Alligator,Shovel
Blindworm,Alligator,Dinosaur
Lizard,Axe,Cobra
Anvil,Caiman,Chameleon
Alligator,Hammer,Tortoise
Toad,Caiman,Saw
Nail,Caiman,Vacuum
Hammer,Gecko,Tortoise
Chisel,Axe,Toad
Anvil,Saw,Screwdriver
Knife,Chisel,Screwdriver
Hammer,Anvil,Gecko
Spanner,Blindworm,Oil can
Paint brush,Blindworm,Crocodile
Chameleon,Salamander,Tortoise
Alligator,Lawn Mower,Shovel
Cobra,Boa python,Salamander
Caiman,Axe,Blindworm
Gecko,Hammer,Lizard
Cobra,Anvil,Vacuum
Crocodile,Snake,Spanner
Crocodile,Screwdriver,Tortoise
Lawn Mower,Dinosaur,Lizard
Snake,Lawn Mower,Vacuum
Saw,Tortoise,Turtle
Vacuum,Nail,Snake
Vacuum,Boa python,Grinding disk
Lizard,Salamander,Snake
Screwdriver,Blindworm,Salamander
Anvil,Boa python,Tortoise
Caiman,Alligator,Spanner
Alligator,Boa python,Hammer
Boa python,Snake,Turtle
Anvil,Axe,Screwdriver
Axe,Boa python,Hammer
Tortoise,Grinding disk,Lawn Mower
Chisel,Axe,Saw
Caiman,Alligator,Knife
Tortoise,Shovel,Turtle
Lawn Mower,Crocodile,Nail
Axe,Knife,Saw
Alligator,Gecko,Lizard
Toad,Hammer,Paint brush
Nail,Cobra,Screwdriver
Toad,Grinding disk,Turtle
Chisel,Chameleon,Cobra
Spanner,Axe,Shovel
Nail,Alligator,Cobra
Anvil,Saw,Vacuum
Screwdriver,Boa python,Caiman
Chameleon,Oil can,Salamander
Axe,Anvil,Tortoise
Turtle,Caiman,Saw
Lawn Mower,Axe,Snake
Shovel,Caiman,Dinosaur
Oil can,Cobra,Tortoise
Oil can,Caiman,Turtle
Hammer,Crocodile,Oil can
Chisel,Crocodile,Lawn Mower
Anvil,Chisel,Knife
Lizard,Anvil,Grinding disk
Spanner,Caiman,Chameleon
Oil can,Crocodile,Salamander
Paint brush,Hammer,Shovel
Turtle,Gecko,Grinding disk
Knife,Hammer,Oil can
Toad,Oil can,Shovel
Axe,Oil can,Screwdriver
Caiman,Gecko,Spanner
Dinosaur,Knife,Lawn Mower
Dinosaur,Blindworm,Grinding disk
Chisel,Anvil,Nail
Blindworm,Hammer,Paint brush
Oil can,Dinosaur,Lizard
Alligator,Dinosaur,Grinding disk
Chameleon,Axe,Vacuum
Gecko,Blindworm,Hammer
Blindworm,Axe,Oil can
Saw,Axe,Screwdriver
Vacuum,Chisel,Knife
Caiman,Hammer,Salamander
Boa python,Blindworm,Grinding disk
Saw,Grinding disk,Lizard
Boa python,Oil can,Tortoise
Gecko,Dinosaur,Spanner
Turtle,Chisel,Screwdriver
Snake,Screwdriver,Spanner
Hammer,Cobra,Oil can
Alligator,Blindworm,Chameleon
Shovel,Blindworm,Oil can
Dinosaur,Chisel,Turtle
Spanner,Gecko,Lizard
Salamander,Oil can,Tortoise
Nail,Blindworm,Turtle
Salamander,Crocodile,Toad
Caiman,Salamander,Saw
Axe,Chisel,Lawn Mower
Vacuum,Alligator,Snake
Axe,Caiman,Lawn Mower
Snake,Crocodile,Spanner
Axe,Cobra,Dinosaur
Toad,Anvil,Chisel
Cobra,Crocodile,Screwdriver
Saw,Dinosaur,Spanner
Turtle,Hammer,Tortoise
Cobra,Grinding disk,Lizard
Caiman,Saw,Snake
Grinding disk,Caiman,Lawn Mower
Tortoise,Paint brush,Shovel
Lizard,Salamander,Tortoise
Chameleon,Anvil,Gecko
Anvil,Axe,Dinosaur
Lawn Mower,Anvil,Hammer
Salamander,Lizard,Tortoise
Tortoise,Alligator,Caiman
Boa python,Grinding disk,Vacuum
Paint brush,Boa python,Hammer
Grinding disk,Anvil,Crocodile
Oil can,Hammer,Spanner
Oil can,Hammer,Nail
Chisel,Anvil,Crocodile
Spanner,Blindworm,Turtle
Caiman,Hammer,Paint brush
Anvil,Axe,Snake
Lizard,Blindworm,Tortoise
Snake,Dinosaur,Knife
Chameleon,Blindworm,Gecko
Oil can,Blindworm,Gecko
Toad,Cobra,Dinosaur
Turtle,Boa python,Cobra
Chisel,Blindworm,Lawn Mower
Hammer,Grinding disk,Lawn Mower
Salamander,Chisel,Knife
Toad,Turtle,Vacuum
Oil can,Screwdriver,Toad
Chameleon,Blindworm,Shovel
Anvil,Knife,Vacuum
Paint brush,Knife,Spanner
Shovel,Lizard,Spanner
Lawn Mower,Hammer,Oil can
Chameleon,Knife,Salamander
Oil can,Shovel,Spanner
Turtle,Caiman,Cobra
Gecko,Alligator,Toad
Cobra,Dinosaur,Lawn Mower
Paint brush,Shovel,Vacuum
Salamander,Spanner,Tortoise
Knife,Boa python,Caiman
Toad,Caiman,Vacuum
Screwdriver,Hammer,Lizard
Screwdriver,Chisel,Nail
Lawn Mower,Boa python,Vacuum
Chameleon,Alligator,Gecko
Spanner,Paint brush,Saw
Grinding disk,Lawn Mower,Vacuum
Grinding disk,Lizard,Vacuum
Caiman,Blindworm,Screwdriver
Axe,Boa python,Lizard
Oil can,Chisel,Snake
Vacuum,Blindworm,Nail
Tortoise,Axe,Snake
Hammer,Cobra,Lizard
Saw,Boa python,Screwdriver
Vacuum,Knife,Snake
Anvil,Shovel,Toad
Lawn Mower,Caiman,Hammer
Snake,Dinosaur,Spanner
Blindworm,Caiman,Knife
Turtle,Axe,Knife
Anvil,Cobra,Lizard
Caiman,Axe,Crocodile
Anvil,Chameleon,Lawn Mower
Alligator,Chisel,Lawn Mower
Vacuum,Oil can,Snake
Nail,Crocodile,Snake
Cobra,Screwdriver,Spanner
Toad,Dinosaur,Saw
Paint brush,Boa python,Crocodile
Screwdriver,Nail,Saw
Toad,Hammer,Nail
Blindworm,Grinding disk,Toad
Boa python,Axe,Gecko
Axe,Knife,Turtle
Knife,Lizard,Paint brush
Oil can,Chameleon,Nail
Nail,Boa python,Caiman
Grinding disk,Crocodile,Shovel
Chisel,Axe,Nail
Caiman,Anvil,Paint brush
Spanner,Chisel,Cobra
Lizard,Anvil,Tortoise
Saw,Salamander,Turtle
Turtle,Axe,Lizard
Saw,Lawn Mower,Vacuum
Chisel,Lawn Mower,Tortoise
Vacuum,Knife,Turtle
Crocodile,Lawn Mower,Nail
Chameleon,Boa python,Shovel
Lawn Mower,Chameleon,Toad
Cobra,Lizard,Turtle
Salamander,Lawn Mower,Vacuum
Snake,Axe,Caiman
Vacuum,Gecko,Turtle
Tortoise,Grinding disk,Screwdriver
Toad,Knife,Turtle
Lawn Mower,Crocodile,Tortoise
Chisel,Hammer,Toad
Axe,Knife,Vacuum
Saw,Dinosaur,Oil can
Chameleon,Blindworm,Toad
Snake,Chisel,Salamander
Shovel,Oil can,Snake
Saw,Hammer,Oil can
Caiman,Blindworm,Tortoise
Axe,Paint brush,Tortoise
Toad,Cobra,Oil can
Lawn Mower,Spanner,Turtle
Vacuum,Knife,Salamander
Blindworm,Gecko,Grinding disk
Cobra,Chisel,Knife
Alligator,Cobra,Toad
Oil can,Caiman,Cobra
Chisel,Blindworm,Grinding disk
Vacuum,Chameleon,Turtle
Chameleon,Salamander,Screwdriver
Knife,Nail,Oil can
Lawn Mower,Cobra,Salamander
Spanner,Cobra,Lawn Mower
Cobra,Chameleon,Gecko
Dinosaur,Alligator,Axe
Hammer,Chisel,Tortoise
Grinding disk,Anvil,Axe
Shovel,Knife,Turtle
Dinosaur,Chisel,Oil can
Turtle,Caiman,Chisel
Axe,Chisel,Oil can
Paint brush,Crocodile,Salamander
Lizard,Nail,Saw
Knife,Caiman,Oil can
Hammer,Lizard,Screwdriver
Alligator,Blindworm,Vacuum
Hammer,Axe,Boa python
Tortoise,Blindworm,Chisel
Gecko,Oil can,Salamander
Salamander,Blindworm,Paint brush
Turtle,Axe,Toad
Shovel,Knife,Lizard
Anvil,Screwdriver,Toad
Lizard,Chameleon,Paint brush
Gecko,Chisel,Nail
Oil can,Crocodile,Dinosaur
Chameleon,Paint brush,Spanner
Boa python,Grinding disk,Turtle
Lizard,Paint brush,Screwdriver
Nail,Caiman,Grinding disk
Blindworm,Knife,Vacuum
Boa python,Paint brush,Screwdriver
Oil can,Gecko,Shovel
Chameleon,Crocodile,Spanner
Axe,Snake,Spanner
Lawn Mower,Boa python,Knife
Saw,Chisel,Gecko
Blindworm,Boa python,Oil can
Alligator,Caiman,Lawn Mower
Salamander,Tortoise,Turtle
Screwdriver,Blindworm,Knife
Dinosaur,Cobra,Grinding disk
Shovel,Alligator,Hammer
Paint brush,Cobra,Grinding disk
Blindworm,Chisel,Vacuum
Nail,Alligator,Boa python
Vacuum,Chameleon,Screwdriver
Lizard,Chameleon,Toad
Paint brush,Blindworm,Saw
Cobra,Salamander,Turtle
Lawn Mower,Salamander,Screwdriver
Alligator,Screwdriver,Snake
Nail,Saw,Screwdriver
Oil can,Cobra,Screwdriver
Spanner,Crocodile,Hammer
Screwdriver,Salamander,Turtle
Paint brush,Salamander,Spanner
Turtle,Anvil,Blindworm
Lizard,Screwdriver,Shovel
Grinding disk,Alligator,Snake
Screwdriver,Grinding disk,Nail
Toad,Cobra,Paint brush
Chameleon,Boa python,Caiman
Oil can,Axe,Toad
Chameleon,Knife,Screwdriver
Crocodile,Axe,Dinosaur
Paint brush,Alligator,Toad
Salamander,Axe,Grinding disk
Shovel,Anvil,Lawn Mower
Oil can,Paint brush,Snake
Lizard,Boa python,Knife
Grinding disk,Axe,Shovel
Screwdriver,Blindworm,Saw
Oil can,Anvil,Cobra
Turtle,Tortoise,Vacuum
Alligator,Screwdriver,Spanner
Salamander,Blindworm,Chisel
Saw,Snake,Turtle
Knife,Nail,Turtle
Spanner,Chisel,Paint brush
Oil can,Hammer,Screwdriver
Grinding disk,Blindworm,Shovel
Chisel,Chameleon,Shovel
Crocodile,Chisel,Salamander
Crocodile,Alligator,Anvil
Lawn Mower,Anvil,Chisel
Vacuum,Saw,Tortoise
Chameleon,Cobra,Vacuum
Saw,Chameleon,Vacuum
Anvil,Axe,Hammer
Saw,Nail,Toad
Screwdriver,Lawn Mower,Shovel
Anvil,Caiman,Snake
Axe,Chameleon,Saw
Chameleon,Grinding disk,Oil can
Lizard,Shovel,Spanner
Grinding disk,Chameleon,Saw
Chameleon,Grinding disk,Saw
Chisel,Salamander,Snake
Anvil,Blindworm,Cobra
Chameleon,Lizard,Paint brush
Oil can,Nail,Saw
Grinding disk,Hammer,Paint brush
Anvil,Knife,Toad
Salamander,Caiman,Lawn Mower
Vacuum,Lawn Mower,Lizard
Anvil,Cobra,Gecko
Turtle,Lizard,Spanner
Caiman,Knife,Paint brush
Tortoise,Chameleon,Screwdriver
Paint brush,Knife,Nail
Vacuum,Dinosaur,Lizard
Knife,Blindworm,Chameleon
Alligator,Salamander,Screwdriver
Lizard,Snake,Tortoise
Spanner,Chisel,Toad
Tortoise,Chisel,Lawn Mower
Knife,Chameleon,Crocodile
Dinosaur,Chisel,Lawn Mower
Alligator,Hammer,Toad
Chameleon,Blindworm,Salamander
Dinosaur,Caiman,Chisel
Anvil,Hammer,Snake
Caiman,Hammer,Screwdriver
Toad,Chameleon,Dinosaur
Tortoise,Grinding disk,Nail
Toad,Lizard,Salamander
Crocodile,Grinding disk,Spanner
Boa python,Gecko,Toad
Salamander,Lawn Mower,Shovel
Paint brush,Anvil,Lawn Mower
Gecko,Snake,Spanner
Knife,Axe,Chisel
Grinding disk,Saw,Toad
Screwdriver,Boa python,Grinding disk
Nail,Blindworm,Chisel
Hammer,Boa python,Crocodile
Snake,Anvil,Nail
Gecko,Salamander,Saw
Nail,Caiman,Dinosaur
Axe,Caiman,Grinding disk
Boa python,Chameleon,Grinding disk
Paint brush,Chisel,Salamander
Toad,Nail,Turtle
Knife,Cobra,Shovel
Paint brush,Dinosaur,Snake
Nail,Gecko,Saw
Paint brush,Alligator,Blindworm
Knife,Chameleon,Saw
Axe,Nail,Screwdriver
Vacuum,Axe,Dinosaur
Shovel,Chisel,Grinding disk
Chisel,Knife,Lizard
Screwdriver,Axe,Hammer
Grinding disk,Spanner,Vacuum
Gecko,Grinding disk,Saw
Cobra,Alligator,Lizard
Vacuum,Hammer,Screwdriver
Shovel,Gecko,Lizard
Nail,Caiman,Hammer
Anvil,Hammer,Vacuum
Chameleon,Saw,Shovel
Chameleon,Crocodile,Shovel
Paint brush,Cobra,Knife
Knife,Crocodile,Lawn Mower
Lawn Mower,Paint brush,Vacuum
Boa python,Oil can,Screwdriver
Lawn Mower,Grinding disk,Spanner
Dinosaur,Alligator,Caiman
Cobra,Axe,Salamander
Shovel,Axe,Screwdriver
Blindworm,Anvil,Toad
Paint brush,Lizard,Tortoise
Axe,Blindworm,Knife
Screwdriver,Axe,Snake
Dinosaur,Caiman,Screwdriver
Paint brush,Hammer,Nail
Blindworm,Chameleon,Oil can
Toad,Crocodile,Screwdriver
Snake,Knife,Nail
Blindworm,Crocodile,Dinosaur
Crocodile,Paint brush,Turtle
Toad,Anvil,Shovel
Chisel,Alligator,Oil can
Chameleon,Oil can,Shovel
Oil can,Anvil,Tortoise
Lizard,Caiman,Gecko
Screwdriver,Dinosaur,Oil can
Vacuum,Axe,Tortoise
Tortoise,Grinding disk,Saw
Nail,Anvil,Chameleon
Crocodile,Blindworm,Tortoise
Nail,Crocodile,Oil can
Lizard,Grinding disk,Tortoise
Chisel,Hammer,Lawn Mower
Crocodile,Caiman,Grinding disk
Knife,Crocodile,Nail
Paint brush,Chameleon,Spanner
Caiman,Boa python,Chisel
Cobra,Alligator,Blindworm
Shovel,Alligator,Knife
Toad,Cobra,Tortoise
Axe,Anvil,Screwdriver
Tortoise,Gecko,Grinding disk
Saw,Anvil,Lawn Mower
Vacuum,Blindworm,Shovel
Chisel,Grinding disk,Oil can
Blindworm,Axe,Nail
Lawn Mower,Paint brush,Toad
Vacuum,Axe,Grinding disk
Tortoise,Dinosaur,Hammer
Saw,Lizard,Shovel
Alligator,Axe,Snake
Snake,Chameleon,Gecko
Salamander,Boa python,Gecko
Crocodile,Axe,Screwdriver
Screwdriver,Saw,Shovel
Hammer,Blindworm,Grinding disk
Grinding disk,Knife,Saw
Paint brush,Lawn Mower,Snake
Shovel,Cobra,Lizard
Spanner,Boa python,Cobra
Chisel,Anvil,Chameleon
Oil can,Screwdriver,Turtle
Vacuum,Hammer,Lizard
Lawn Mower,Axe,Crocodile
Turtle,Caiman,Toad
Oil can,Grinding disk,Toad
Salamander,Cobra,Lawn Mower
Turtle,Saw,Shovel
Nail,Alligator,Crocodile
Snake,Caiman,Lizard
Salamander,Nail,Toad
Turtle,Blindworm,Cobra
Crocodile,Shovel,Spanner
Axe,Chisel,Crocodile
Boa python,Chisel,Nail
Axe,Grinding disk,Lizard
Dinosaur,Salamander,Vacuum
Dinosaur,Alligator,Anvil
Gecko,Blindworm,Boa python
Hammer,Lawn Mower,Oil can
Gecko,Crocodile,Salamander
Saw,Dinosaur,Lawn Mower
Knife,Oil can,Tortoise
Caiman,Cobra,Saw
Knife,Axe,Crocodile
Screwdriver,Oil can,Shovel
Spanner,Knife,Salamander
Caiman,Axe,Nail
Axe,Paint brush,Turtle
Alligator,Dinosaur,Snake
Oil can,Axe,Lizard
Toad,Anvil,Hammer
Turtle,Saw,Spanner
Lizard,Boa python,Gecko
Snake,Knife,Toad
Snake,Shovel,Vacuum
Alligator,Saw,Turtle
Chameleon,Gecko,Paint brush
Snake,Anvil,Blindworm
Caiman,Crocodile,Hammer
Lizard,Chisel,Saw
Crocodile,Lawn Mower,Turtle
Paint brush,Axe,Tortoise
Vacuum,Gecko,Toad
Axe,Hammer,Nail
Chameleon,Saw,Vacuum
Blindworm,Axe,Grinding disk
Hammer,Nail,Spanner
Toad,Axe,Lizard
Toad,Cobra,Knife
Dinosaur,Paint brush,Salamander
Chameleon,Blindworm,Lizard
Spanner,Knife,Turtle
Axe,Caiman,Snake
Nail,Lizard,Spanner
Salamander,Snake,Toad
Anvil,Hammer,Nail
Turtle,Chameleon,Oil can
Axe,Blindworm,Lawn Mower
Anvil,Chameleon,Oil can
Nail,Gecko,Tortoise
Saw,Chameleon,Oil can
Lizard,Crocodile,Spanner
Tortoise,Nail,Spanner
Saw,Dinosaur,Screwdriver
Grinding disk,Cobra,Vacuum
Snake,Boa python,Lawn Mower
Shovel,Boa python,Lawn Mower
Tortoise,Cobra,Knife
Knife,Crocodile,Oil can
Gecko,Lizard,Saw
Shovel,Paint brush,Snake
Caiman,Cobra,Shovel
Oil can,Knife,Lawn Mower
Hammer,Chameleon,Turtle
Knife,Chameleon,Lizard
Axe,Nail,Saw
Dinosaur,Cobra,Salamander
Gecko,Nail,Salamander
Toad,Caiman,Gecko
Knife,Alligator,Spanner
Vacuum,Anvil,Crocodile
Boa python,Axe,Cobra
Dinosaur,Blindworm,Boa python
Spanner,Boa python,Nail
Lawn Mower,Axe,Vacuum
Grinding disk,Gecko,Saw
Oil can,Hammer,Snake
Nail,Boa python,Chisel
Lizard,Caiman,Knife
Chameleon,Knife,Shovel
Gecko,Anvil,Caiman
Boa python,Hammer,Saw
Chameleon,Alligator,Vacuum
Screwdriver,Chameleon,Saw
Snake,Salamander,Shovel
Chameleon,Nail,Screwdriver
Alligator,Blindworm,Cobra
Nail,Saw,Spanner
Vacuum,Screwdriver,Spanner
Nail,Caiman,Screwdriver
Dinosaur,Lizard,Salamander
Chameleon,Chisel,Turtle
Grinding disk,Gecko,Snake
Chisel,Gecko,Toad
Spanner,Lawn Mower,Snake
Tortoise,Alligator,Salamander
Caiman,Axe,Tortoise
Axe,Alligator,Crocodile
Tortoise,Dinosaur,Nail
Shovel,Dinosaur,Lizard
Chameleon,Nail,Shovel
Screwdriver,Lizard,Turtle
Saw,Dinosaur,Tortoise
Screwdriver,Blindworm,Caiman
Chameleon,Anvil,Nail
Axe,Cobra,Grinding disk
Shovel,Axe,Vacuum
Gecko,Saw,Shovel
Knife,Blindworm,Lizard
Oil can,Dinosaur,Shovel
Knife,Hammer,Snake
Grinding disk,Chameleon,Toad
Dinosaur,Caiman,Cobra
Vacuum,Lizard,Screwdriver
Cobra,Alligator,Nail
Tortoise,Crocodile,Knife
Knife,Boa python,Toad
Axe,Nail,Spanner
Toad,Anvil,Lawn Mower
Axe,Paint brush,Saw
Screwdriver,Knife,Turtle
Crocodile,Screwdriver,Toad
Nail,Paint brush,Salamander
Saw,Nail,Screwdriver
Crocodile,Gecko,Nail
Shovel,Axe,Knife
Spanner,Anvil,Salamander
Dinosaur,Lawn Mower,Tortoise
Screwdriver,Chameleon,Dinosaur
Tortoise,Anvil,Shovel
Vacuum,Cobra,Oil can
Axe,Alligator,Blindworm
Salamander,Boa python,Chisel
Nail,Caiman,Snake
Toad,Cobra,Vacuum
Hammer,Gecko,Turtle
Oil can,Nail,Turtle
Snake,Blindworm,Cobra
Axe,Boa python,Tortoise
Lawn Mower,Anvil,Crocodile
Turtle,Chisel,Grinding disk
Paint brush,Boa python,Screwdriver
Paint brush,Lizard,Oil can
Gecko,Chameleon,Dinosaur
Saw,Gecko,Toad
Paint brush,Grinding disk,Nail
Alligator,Anvil,Salamander
Lawn Mower,Alligator,Tortoise
Dinosaur,Axe,Knife
Shovel,Cobra,Lawn Mower
Shovel,Chisel,Vacuum
Toad,Anvil,Turtle
Oil can,Spanner,Tortoise
Vacuum,Chisel,Screwdriver
Crocodile,Blindworm,Oil can
Lawn Mower,Gecko,Oil can
Nail,Dinosaur,Shovel
Grinding disk,Snake,Spanner
Gecko,Alligator,Shovel
Vacuum,Cobra,Hammer
Hammer,Knife,Snake
Boa python,Dinosaur,Toad
Blindworm,Hammer,Lizard
Boa python,Caiman,Spanner
Dinosaur,Chameleon,Cobra
Nail,Dinosaur,Screwdriver
Crocodile,Chisel,Shovel
Chisel,Axe,Lizard
Screwdriver,Alligator,Caiman
Chisel,Anvil,Caiman
Alligator,Blindworm,Salamander
Salamander,Boa python,Cobra
Screwdriver,Caiman,Cobra
Turtle,Nail,Spanner
Spanner,Nail,Screwdriver
Chameleon,Dinosaur,Hammer
Tortoise,Dinosaur,Vacuum
Shovel,Axe,Gecko
Chisel,Lizard,Snake
Shovel,Oil can,Vacuum
Boa python,Screwdriver,Shovel
Chameleon,Hammer,Turtle
Grinding disk,Hammer,Snake
Alligator,Chisel,Gecko
Hammer,Lizard,Oil can
Paint brush,Axe,Lawn Mower
Chisel,Gecko,Lizard
Oil can,Alligator,Vacuum
Axe,Boa python,Gecko
Snake,Alligator,Anvil
Paint brush,Caiman,Dinosaur
Screwdriver,Nail,Turtle
Caiman,Chisel,Spanner
Alligator,Hammer,Snake
Screwdriver,Cobra,Lawn Mower
Gecko,Salamander,Screwdriver
Salamander,Crocodile,Dinosaur
Chisel,Axe,Snake
Saw,Alligator,Oil can
Shovel,Lizard,Salamander
Boa python,Blindworm,Screwdriver
Chameleon,Anvil,Caiman
Salamander,Anvil,Cobra
Spanner,Blindworm,Lawn Mower
Grinding disk,Crocodile,Screwdriver
Shovel,Boa python,Nail
Grinding disk,Anvil,Toad
Anvil,Saw,Tortoise
Lawn Mower,Knife,Shovel
Chameleon,Knife,Vacuum
Caiman,Lawn Mower,Spanner
Lawn Mower,Axe,Gecko
Toad,Caiman,Lizard
Toad,Boa python,Oil can
Alligator,Chameleon,Vacuum
Paint brush,Caiman,Screwdriver
Nail,Chisel,Spanner
Lizard,Chisel,Cobra
Turtle,Paint brush,Toad
Screwdriver,Saw,Vacuum
Spanner,Cobra,Tortoise
Spanner,Lawn Mower,Oil can
Vacuum,Boa python,Dinosaur
Anvil,Boa python,Nail
Shovel,Crocodile,Dinosaur
Chameleon,Grinding disk,Screwdriver
Gecko,Anvil,Turtle
Lizard,Caiman,Tortoise
Chisel,Lawn Mower,Nail
Vacuum,Gecko,Lizard
Salamander,Dinosaur,Tortoise
Turtle,Caiman,Lawn Mower
Paint brush,Crocodile,Gecko
Lawn Mower,Caiman,Shovel
Crocodile,Gecko,Grinding disk
Hammer,Lawn Mower,Tortoise
Saw,Lawn Mower,Spanner
Crocodile,Alligator,Saw
Knife,Cobra,Screwdriver
Shovel,Axe,Saw
Tortoise,Axe,Grinding disk
Anvil,Cobra,Salamander
Turtle,Axe,Saw
Alligator,Chameleon,Crocodile
Caiman,Saw,Spanner
Alligator,Crocodile,Turtle
Caiman,Boa python,Vacuum
Cobra,Blindworm,Toad
Dinosaur,Spanner,Toad
Crocodile,Oil can,Shovel
Blindworm,Alligator,Paint brush
Paint brush,Knife,Lizard
Lizard,Grinding disk,Hammer
Axe,Chisel,Screwdriver
Oil can,Boa python,Gecko
Knife,Saw,Snake
Alligator,Blindworm,Caiman
Spanner,Boa python,Gecko
Cobra,Gecko,Screwdriver
Chisel,Axe,Caiman
Snake,Paint brush,Shovel
Shovel,Anvil,Snake
Cobra,Blindworm,Salamander
Tortoise,Crocodile,Hammer
Anvil,Blindworm,Nail
Gecko,Screwdriver,Spanner
Turtle,Cobra,Oil can
Salamander,Saw,Spanner
Snake,Chameleon,Lawn Mower
Paint brush,Knife,Lawn Mower
Lawn Mower,Cobra,Knife
Blindworm,Gecko,Saw
Caiman,Alligator,Vacuum
Paint brush,Alligator,Spanner
Tortoise,Nail,Vacuum
Grinding disk,Axe,Toad
Toad,Lizard,Oil can
Chisel,Chameleon,Lizard
Vacuum,Grinding disk,Shovel
Paint brush,Axe,Saw
Gecko,Lizard,Toad
Axe,Boa python,Crocodile
Paint brush,Blindworm,Oil can
Gecko,Paint brush,Screwdriver
Anvil,Salamander,Saw
Knife,Cobra,Toad
Axe,Knife,Paint brush
Blindworm,Axe,Gecko
Knife,Blindworm,Oil can
Saw,Boa python,Cobra
Turtle,Dinosaur,Shovel
Anvil,Dinosaur,Salamander
Boa python,Crocodile,Grinding disk
Screwdriver,Chisel,Shovel
Toad,Boa python,Chisel
Turtle,Blindworm,Grinding disk
Caiman,Axe,Screwdriver
Anvil,Lizard,Nail
Crocodile,Blindworm,Chisel
Lizard,Saw,Shovel
Axe,Alligator,Dinosaur
Blindworm,Anvil,Crocodile
Grinding disk,Alligator,Toad
Anvil,Oil can,Snake
Lizard,Hammer,Lawn Mower
Knife,Salamander,Saw
Hammer,Chisel,Lizard
Salamander,Knife,Turtle
Snake,Crocodile,Screwdriver
Snake,Dinosaur,Nail
Snake,Gecko,Screwdriver
Gecko,Shovel,Snake
Lawn Mower,Dinosaur,Paint brush
Dinosaur,Blindworm,Spanner
Lawn Mower,Gecko,Vacuum
Alligator,Grinding disk,Lawn Mower
Screwdriver,Chisel,Hammer
Saw,Nail,Vacuum
Alligator,Anvil,Gecko
Oil can,Lawn Mower,Spanner
Crocodile,Axe,Lizard
Toad,Saw,Screwdriver
Axe,Nail,Snake
Lawn Mower,Axe,Spanner
Saw,Lizard,Screwdriver
Knife,Caiman,Grinding disk
Dinosaur,Nail,Shovel
Screwdriver,Alligator,Lawn Mower
Anvil,Chisel,Spanner
Anvil,Toad,Turtle
Hammer,Blindworm,Chisel
Shovel,Crocodile,Grinding disk
Toad,Hammer,Vacuum
Oil can,Lizard,Toad
Grinding disk,Crocodile,Dinosaur
Grinding disk,Toad,Vacuum
Chameleon,Paint brush,Salamander
Turtle,Paint brush,Salamander
Hammer,Salamander,Turtle
Paint brush,Snake,Turtle
Blindworm,Lizard,Screwdriver
Knife,Crocodile,Shovel
Cobra,Screwdriver,Toad
Grinding disk,Lawn Mower,Saw
Tortoise,Lawn Mower,Salamander
Spanner,Hammer,Paint brush
Grinding disk,Caiman,Cobra
Alligator,Caiman,Oil can
Salamander,Lawn Mower,Nail
Gecko,Cobra,Lawn Mower
Tortoise,Boa python,Toad
Vacuum,Salamander,Screwdriver
Axe,Blindworm,Cobra
Caiman,Chameleon,Oil can
Shovel,Axe,Grinding disk
Anvil,Boa python,Knife
Gecko,Alligator,Caiman
Crocodile,Axe,Salamander
Vacuum,Anvil,Grinding disk
Saw,Dinosaur,Toad
Alligator,Knife,Turtle
Snake,Crocodile,Gecko
Grinding disk,Alligator,Tortoise
Saw,Snake,Vacuum
Lawn Mower,Boa python,Shovel
Toad,Crocodile,Spanner
Saw,Spanner,Vacuum
Spanner,Gecko,Snake
Lawn Mower,Knife,Vacuum
Spanner,Blindworm,Crocodile
Oil can,Anvil,Caiman
Grinding disk,Nail,Saw
Alligator,Caiman,Tortoise
Toad,Knife,Paint brush
Caiman,Axe,Saw
Gecko,Oil can,Toad
Chisel,Hammer,Spanner
Knife,Axe,Vacuum
Hammer,Tortoise,Turtle
Spanner,Boa python,Screwdriver
Salamander,Axe,Tortoise
Gecko,Chisel,Saw
Lizard,Hammer,Screwdriver
Blindworm,Paint brush,Spanner
Vacuum,Oil can,Paint brush
Tortoise,Axe,Toad
Crocodile,Anvil,Hammer
Lawn Mower,Chisel,Grinding disk
Toad,Lizard,Snake
Hammer,Boa python,Vacuum
Grinding disk,Anvil,Snake
Turtle,Boa python,Dinosaur
Shovel,Grinding disk,Saw
Nail,Gecko,Oil can
Alligator,Oil can,Turtle
Vacuum,Dinosaur,Shovel
Crocodile,Boa python,Salamander
Lawn Mower,Caiman,Crocodile
Cobra,Crocodile,Dinosaur
Chameleon,Chisel,Grinding disk
Tortoise,Chameleon,Gecko
Blindworm,Chisel,Paint brush
Knife,Gecko,Shovel
Lawn Mower,Alligator,Hammer
Boa python,Chameleon,Paint brush
Chisel,Dinosaur,Gecko
Toad,Gecko,Lawn Mower
Snake,Axe,Toad
Axe,Chameleon,Spanner
Spanner,Salamander,Saw
Blindworm,Anvil,Snake
Tortoise,Gecko,Screwdriver
Lizard,Gecko,Tortoise
Crocodile,Chisel,Tortoise
Axe,Knife,Shovel
Screwdriver,Crocodile,Hammer
Nail,Cobra,Snake
Salamander,Alligator,Lawn Mower
Dinosaur,Crocodile,Lizard
Boa python,Crocodile,Turtle
Alligator,Hammer,Shovel
Saw,Oil can,Turtle
Boa python,Anvil,Screwdriver
Chisel,Screwdriver,Spanner
Screwdriver,Toad,Vacuum
Spanner,Axe,Hammer
Spanner,Chisel,Nail
Blindworm,Axe,Crocodile
Lawn Mower,Blindworm,Toad
Toad,Anvil,Boa python
Dinosaur,Knife,Salamander
Blindworm,Alligator,Grinding disk
Hammer,Axe,Grinding disk
Snake,Caiman,Chisel
Boa python,Dinosaur,Turtle
Turtle,Cobra,Snake
Crocodile,Chameleon,Vacuum
Crocodile,Knife,Oil can
Oil can,Anvil,Saw
Caiman,Axe,Snake
Paint brush,Chisel,Snake
Toad,Dinosaur,Vacuum
Hammer,Anvil,Caiman
Gecko,Oil can,Tortoise
Cobra,Anvil,Shovel
Nail,Chisel,Salamander
Axe,Blindworm,Screwdriver
Nail,Cobra,Turtle
Turtle,Caiman,Vacuum
Nail,Crocodile,Paint brush
Dinosaur,Blindworm,Snake
Caiman,Lawn Mower,Lizard
Turtle,Grinding disk,Oil can
Caiman,Hammer,Saw
Screwdriver,Lizard,Salamander
Gecko,Crocodile,Grinding disk
Screwdriver,Spanner,Toad
Spanner,Hammer,Oil can
Spanner,Gecko,Paint brush
Salamander,Dinosaur,Saw
Screwdriver,Boa python,Vacuum
Tortoise,Lizard,Snake
Cobra,Blindworm,Snake
Paint brush,Nail,Spanner
Lizard,Boa python,Oil can
Blindworm,Salamander,Spanner
Dinosaur,Chisel,Screwdriver
Axe,Alligator,Caiman
Chameleon,Cobra,Nail
Lawn Mower,Paint brush,Spanner
Saw,Knife,Shovel
Boa python,Alligator,Chameleon
Caiman,Nail,Spanner
Salamander,Paint brush,Saw
Crocodile,Alligator,Lizard
Tortoise,Caiman,Chameleon
Cobra,Shovel,Turtle
Boa python,Crocodile,Lizard
Axe,Cobra,Knife
Axe,Chameleon,Lawn Mower
Lizard,Screwdriver,Snake
Lizard,Anvil,Dinosaur
Toad,Chisel,Salamander
Salamander,Axe,Snake
Vacuum,Lizard,Tortoise
Boa python,Alligator,Chisel
Caiman,Boa python,Lizard
Nail,Anvil,Saw
Vacuum,Boa python,Gecko
Anvil,Spanner,Toad
Cobra,Shovel,Vacuum
Nail,Alligator,Lizard
Grinding disk,Gecko,Tortoise
Gecko,Caiman,Turtle
Nail,Grinding disk,Lawn Mower
Snake,Lawn Mower,Turtle
Saw,Lawn Mower,Lizard
Nail,Caiman,Knife
Alligator,Lizard,Toad
Snake,Crocodile,Hammer
Cobra,Lawn Mower,Toad
Chameleon,Dinosaur,Saw
Cobra,Caiman,Screwdriver
Axe,Paint brush,Snake
Anvil,Caiman,Vacuum
Vacuum,Paint brush,Spanner
Vacuum,Lizard,Shovel
Snake,Crocodile,Paint brush
Dinosaur,Snake,Toad
Grinding disk,Screwdriver,Spanner
Dinosaur,Anvil,Knife
Saw,Anvil,Spanner
Snake,Anvil,Turtle
Toad,Oil can,Snake
Toad,Hammer,Screwdriver
Turtle,Lawn Mower,Nail
Vacuum,Dinosaur,Knife
Shovel,Boa python,Chameleon
Cobra,Chameleon,Hammer
Lawn Mower,Saw,Toad
Dinosaur,Anvil,Screwdriver
Paint brush,Dinosaur,Toad
Vacuum,Anvil,Gecko
Shovel,Alligator,Salamander
Lawn Mower,Salamander,Shovel
Vacuum,Paint brush,Toad
Knife,Chameleon,Vacuum
Lizard,Hammer,Turtle
Hammer,Anvil,Boa python
Screwdriver,Gecko,Snake
Crocodile,Axe,Chisel
Grinding disk,Lizard,Shovel
Saw,Grinding disk,Shovel
Lawn Mower,Oil can,Tortoise
Anvil,Grinding disk,Turtle
Alligator,Saw,Screwdriver
Paint brush,Crocodile,Shovel
Oil can,Knife,Paint brush
Chameleon,Oil can,Paint brush
Anvil,Crocodile,Nail
Oil can,Anvil,Lizard
Crocodile,Lawn Mower,Screwdriver
Anvil,Chameleon,Toad
Tortoise,Gecko,Lizard
Shovel,Paint brush,Tortoise
Toad,Snake,Vacuum
Blindworm,Anvil,Chisel
Toad,Gecko,Lizard
Toad,Alligator,Screwdriver
Boa python,Blindworm,Snake
Saw,Oil can,Snake
Toad,Anvil,Dinosaur
Chameleon,Chisel,Spanner
Saw,Grinding disk,Snake
Cobra,Gecko,Spanner
Snake,Crocodile,Toad
Knife,Toad,Turtle
Snake,Gecko,Nail
Chameleon,Crocodile,Dinosaur
Anvil,Screwdriver,Vacuum
Salamander,Nail,Screwdriver
Oil can,Salamander,Tortoise
Crocodile,Lawn Mower,Spanner
Caiman,Hammer,Toad
Oil can,Lawn Mower,Paint brush
Spanner,Paint brush,Toad
Axe,Salamander,Spanner
Toad,Anvil,Salamander
Crocodile,Oil can,Snake
Paint brush,Tortoise,Turtle
Boa python,Alligator,Shovel
Axe,Chameleon,Grinding disk
Chameleon,Spanner,Toad
Vacuum,Crocodile,Salamander
Chameleon,Salamander,Vacuum
Vacuum,Saw,Screwdriver
Toad,Caiman,Hammer
Crocodile,Cobra,Paint brush
Blindworm,Anvil,Spanner
Oil can,Hammer,Lawn Mower
Anvil,Gecko,Spanner
Boa python,Knife,Snake
Blindworm,Lizard,Spanner
Axe,Snake,Tortoise
Axe,Cobra,Lizard
Boa python,Anvil,Blindworm
Paint brush,Caiman,Gecko
Nail,Lawn Mower,Vacuum
Toad,Boa python,Lawn Mower
Tortoise,Blindworm,Screwdriver
Snake,Axe,Oil can
Shovel,Crocodile,Nail
Cobra,Chisel,Turtle
Boa python,Caiman,Turtle
Cobra,Anvil,Hammer
Boa python,Cobra,Vacuum
Spanner,Nail,Salamander
Shovel,Blindworm,Tortoise
Lawn Mower,Alligator,Shovel
Chameleon,Grinding disk,Shovel
Saw,Chameleon,Lawn Mower
Gecko,Anvil,Grinding disk
Grinding disk,Lizard,Nail
Chisel,Grinding disk,Lawn Mower
Salamander,Blindworm,Grinding disk
Vacuum,Crocodile,Toad
Cobra,Chameleon,Turtle
Nail,Dinosaur,Grinding disk
Cobra,Anvil,Chameleon
Vacuum,Lizard,Saw
Nail,Turtle,Vacuum
Oil can,Nail,Toad
Shovel,Cobra,Saw
Screwdriver,Alligator,Saw
Grinding disk,Anvil,Gecko
Oil can,Alligator,Chisel
Toad,Salamander,Turtle
Hammer,Salamander,Snake
Alligator,Axe,Screwdriver
Dinosaur,Crocodile,Salamander
Saw,Blindworm,Nail
Dinosaur,Boa python,Saw
Boa python,Blindworm,Nail
Turtle,Chameleon,Vacuum
Lizard,Chisel,Lawn Mower
Lizard,Crocodile,Vacuum
Grinding disk,Axe,Chisel
Nail,Chameleon,Paint brush
Blindworm,Anvil,Shovel
Grinding disk,Alligator,Axe
Tortoise,Oil can,Turtle
Hammer,Paint brush,Tortoise
Turtle,Oil can,Toad
Boa python,Dinosaur,Paint brush
Axe,Hammer,Knife
Lawn Mower,Axe,Nail
Spanner,Crocodile,Grinding disk
Dinosaur,Nail,Turtle
Chisel,Cobra,Screwdriver
Crocodile,Knife,Nail
Anvil,Lizard,Paint brush
Hammer,Nail,Toad
Dinosaur,Blindworm,Vacuum
Nail,Chisel,Oil can
Lizard,Anvil,Boa python
Salamander,Screwdriver,Turtle
Axe,Gecko,Lizard
Dinosaur,Gecko,Screwdriver
Hammer,Nail,Oil can
Lizard,Alligator,Salamander
Dinosaur,Alligator,Salamander
Alligator,Chameleon,Toad
Gecko,Lizard,Oil can
Crocodile,Axe,Grinding disk
Grinding disk,Blindworm,Saw
Crocodile,Lawn Mower,Tortoise
Alligator,Knife,Saw
Cobra,Boa python,Screwdriver
Chisel,Alligator,Shovel
Chisel,Grinding disk,Vacuum
Alligator,Chameleon,Nail
Boa python,Paint brush,Spanner
Dinosaur,Gecko,Grinding disk
Dinosaur,Knife,Lizard
Vacuum,Nail,Tortoise
Boa python,Crocodile,Shovel
Knife,Axe,Lawn Mower
Blindworm,Chameleon,Gecko
Shovel,Gecko,Nail
Screwdriver,Boa python,Lizard
Lizard,Boa python,Chisel
Hammer,Alligator,Vacuum
Boa python,Axe,Screwdriver
Lizard,Alligator,Chameleon
Lizard,Crocodile,Oil can
Nail,Anvil,Turtle
Vacuum,Saw,Snake
Shovel,Nail,Tortoise
Anvil,Saw,Spanner
Tortoise,Salamander,Snake
Hammer,Chisel,Gecko
Alligator,Axe,Lawn Mower
Salamander,Boa python,Crocodile
Snake,Blindworm,Spanner
Turtle,Gecko,Oil can
Nail,Crocodile,Screwdriver
Saw,Nail,Turtle
Tortoise,Oil can,Paint brush
Salamander,Gecko,Spanner
Axe,Alligator,Boa python
Snake,Caiman,Oil can
Nail,Gecko,Spanner
Boa python,Nail,Toad
Salamander,Axe,Paint brush
Shovel,Alligator,Tortoise
Chameleon,Caiman,Vacuum
Lawn Mower,Dinosaur,Toad
Blindworm,Anvil,Grinding disk
Dinosaur,Grinding disk,Knife
Tortoise,Shovel,Toad
Caiman,Grinding disk,Snake
Dinosaur,Lizard,Nail
Vacuum,Salamander,Spanner
Grinding disk,Boa python,Gecko
Snake,Chisel,Cobra
Saw,Chisel,Spanner
Crocodile,Nail,Paint brush
Blindworm,Oil can,Paint brush
Nail,Chameleon,Turtle
Nail,Blindworm,Crocodile
Hammer,Cobra,Toad
Cobra,Gecko,Turtle
Tortoise,Axe,Blindworm
Axe,Hammer,Vacuum
Snake,Oil can,Salamander
Nail,Chisel,Vacuum
Vacuum,Axe,Crocodile
Turtle,Gecko,Lizard
Tortoise,Crocodile,Salamander
Paint brush,Grinding disk,Shovel
Hammer,Axe,Spanner
Hammer,Crocodile,Paint brush
Toad,Knife,Shovel
Shovel,Axe,Dinosaur
Anvil,Grinding disk,Salamander
Alligator,Hammer,Spanner
Turtle,Nail,Paint brush
Paint brush,Chameleon,Crocodile
Spanner,Nail,Saw
Dinosaur,Cobra,Turtle
Nail,Dinosaur,Spanner
Dinosaur,Cobra,Snake
Chameleon,Alligator,Axe
Turtle,Paint brush,Saw
Lawn Mower,Nail,Shovel
Gecko,Spanner,Vacuum
Axe,Cobra,Nail
Shovel,Alligator,Turtle
Knife,Lizard,Salamander
Shovel,Anvil,Hammer
Oil can,Dinosaur,Paint brush
Saw,Screwdriver,Tortoise
Lawn Mower,Alligator,Toad
Paint brush,Axe,Gecko
Alligator,Gecko,Tortoise
Screwdriver,Paint brush,Turtle
Gecko,Shovel,Turtle
Chameleon,Axe,Knife
Salamander,Cobra,Crocodile
Dinosaur,Lizard,Screwdriver
Chisel,Anvil,Dinosaur
Vacuum,Dinosaur,Nail
Cobra,Blindworm,Dinosaur
Salamander,Chameleon,Turtle
Snake,Tortoise,Turtle
Caiman,Chameleon,Gecko
Toad,Boa python,Dinosaur
Chisel,Shovel,Snake
Blindworm,Knife,Tortoise
Oil can,Saw,Tortoise
Hammer,Boa python,Cobra
Grinding disk,Toad,Turtle
Nail,Hammer,Paint brush
Hammer,Oil can,Shovel
Tortoise,Boa python,Chisel
Turtle,Chameleon,Saw
Turtle,Anvil,Axe
Blindworm,Oil can,Spanner
Saw,Knife,Nail
Anvil,Chameleon,Lizard
Saw,Anvil,Oil can
Screwdriver,Hammer,Snake
Dinosaur,Cobra,Oil can
Blindworm,Dinosaur,Shovel
Knife,Grinding disk,Paint brush
Snake,Caiman,Crocodile
Tortoise,Caiman,Turtle
Grinding disk,Caiman,Toad
Screwdriver,Tortoise,Vacuum
Knife,Lizard,Vacuum
Caiman,Crocodile,Dinosaur
Vacuum,Dinosaur,Hammer
Blindworm,Chisel,Screwdriver
Tortoise,Chisel,Knife
Dinosaur,Grinding disk,Turtle
Turtle,Gecko,Toad
Nail,Chameleon,Spanner
Axe,Grinding disk,Toad
Blindworm,Hammer,Toad
Salamander,Knife,Saw
Knife,Cobra,Nail
Paint brush,Knife,Vacuum
Vacuum,Lawn Mower,Shovel
Knife,Boa python,Nail
Lizard,Chameleon,Crocodile
Chameleon,Boa python,Vacuum
Lawn Mower,Alligator,Nail
Spanner,Axe,Lizard
Crocodile,Boa python,Paint brush
Anvil,Lizard,Tortoise
Cobra,Nail,Screwdriver
Spanner,Screwdriver,Tortoise
Anvil,Cobra,Knife
Screwdriver,Knife,Shovel
Blindworm,Saw,Turtle
Vacuum,Alligator,Nail
Cobra,Boa python,Tortoise
Shovel,Paint brush,Toad
Hammer,Gecko,Vacuum
Paint brush,Nail,Tortoise
Toad,Alligator,Saw
Alligator,Crocodile,Snake
Spanner,Lawn Mower,Lizard
Nail,Alligator,Anvil
Alligator,Chisel,Saw
Blindworm,Anvil,Tortoise
Gecko,Caiman,Lawn Mower
Lawn Mower,Blindworm,Boa python
Anvil,Axe,Shovel
Crocodile,Axe,Knife
Nail,Boa python,Saw
Vacuum,Nail,Turtle
Vacuum,Alligator,Toad
Turtle,Chisel,Dinosaur
Turtle,Blindworm,Nail
Anvil,Caiman,Shovel
Salamander,Grinding disk,Turtle
Tortoise,Lawn Mower,Lizard
Hammer,Nail,Saw
Lizard,Gecko,Nail
Lizard,Anvil,Shovel
Saw,Paint brush,Toad
Paint brush,Anvil,Axe
Chisel,Caiman,Screwdriver
Salamander,Saw,Snake
Blindworm,Anvil,Caiman
Blindworm,Dinosaur,Salamander
Boa python,Caiman,Hammer
Anvil,Grinding disk,Lizard
Vacuum,Nail,Salamander
Shovel,Caiman,Paint brush
Alligator,Anvil,Knife
Axe,Boa python,Lawn Mower
Lizard,Gecko,Grinding disk
Grinding disk,Lizard,Paint brush
Shovel,Alligator,Gecko
Gecko,Alligator,Snake
Oil can,Cobra,Shovel
Snake,Lawn Mower,Oil can
Salamander,Hammer,Nail
Hammer,Chisel,Lawn Mower
Shovel,Axe,Lizard
Axe,Dinosaur,Hammer
Saw,Crocodile,Screwdriver
Toad,Oil can,Tortoise
Grinding disk,Lizard,Tortoise
Paint brush,Cobra,Vacuum
Oil can,Axe,Salamander
Oil can,Blindworm,Paint brush
Nail,Axe,Salamander
Lawn Mower,Gecko,Nail
Snake,Oil can,Saw
Tortoise,Chameleon,Salamander
Crocodile,Chisel,Turtle
Oil can,Gecko,Grinding disk
Gecko,Blindworm,Oil can
Screwdriver,Chameleon,Cobra
Chameleon,Axe,Dinosaur
Caiman,Hammer,Knife
Caiman,Chameleon,Vacuum
Anvil,Boa python,Spanner
Knife,Blindworm,Snake
Crocodile,Oil can,Screwdriver
Anvil,Grinding disk,Spanner
Alligator,Dinosaur,Gecko
Chameleon,Axe,Boa python
Spanner,Alligator,Turtle
Blindworm,Grinding disk,Turtle
Lizard,Axe,Crocodile
Boa python,Chameleon,Oil can
Oil can,Boa python,Chameleon
Chameleon,Screwdriver,Turtle
Snake,Anvil,Shovel
Anvil,Grinding disk,Paint brush
Snake,Chameleon,Turtle
Tortoise,Nail,Shovel
Anvil,Chisel,Gecko
Blindworm,Nail,Salamander
Axe,Chameleon,Gecko
Screwdriver,Alligator,Axe
Chameleon,Lawn Mower,Toad
Crocodile,Saw,Shovel
Lawn Mower,Cobra,Grinding disk
Hammer,Cobra,Snake
Blindworm,Alligator,Spanner
Screwdriver,Alligator,Turtle
Turtle,Screwdriver,Tortoise
Boa python,Nail,Turtle
Tortoise,Alligator,Turtle
Paint brush,Boa python,Chameleon
Lawn Mower,Axe,Blindworm
Snake,Blindworm,Grinding disk
Snake,Boa python,Spanner
Toad,Cobra,Snake
Knife,Caiman,Saw
Oil can,Knife,Salamander
Salamander,Knife,Snake
Nail,Chisel,Tortoise
Shovel,Nail,Snake
Shovel,Lizard,Screwdriver
Hammer,Cobra,Lawn Mower
Paint brush,Toad,Tortoise
Spanner,Axe,Screwdriver
Hammer,Chisel,Cobra
Tortoise,Chameleon,Chisel
Screwdriver,Axe,Gecko
Knife,Axe,Grinding disk
Saw,Toad,Vacuum
Axe,Grinding disk,Shovel
Cobra,Lizard,Snake
Caiman,Gecko,Tortoise
Gecko,Snake,Turtle
Caiman,Chameleon,Screwdriver
Blindworm,Anvil,Turtle
Grinding disk,Crocodile,Paint brush
Toad,Paint brush,Shovel
Axe,Shovel,Tortoise
Nail,Gecko,Lawn Mower
Caiman,Crocodile,Spanner
Oil can,Boa python,Toad
Lawn Mower,Caiman,Dinosaur
Salamander,Cobra,Dinosaur
Salamander,Paint brush,Turtle
Screwdriver,Crocodile,Lawn Mower
Vacuum,Grinding disk,Knife
Lizard,Lawn Mower,Saw
Paint brush,Hammer,Spanner
Crocodile,Cobra,Snake
Chameleon,Caiman,Cobra
Saw,Snake,Toad
Axe,Chameleon,Crocodile
Chameleon,Chisel,Lawn Mower
Crocodile,Cobra,Hammer
Turtle,Alligator,Axe
Lizard,Axe,Caiman
Lawn Mower,Toad,Vacuum
Dinosaur,Axe,Snake
Chameleon,Blindworm,Snake
Oil can,Blindworm,Saw
Grinding disk,Chameleon,Knife
Oil can,Alligator,Chameleon
Lizard,Chameleon,Oil can
Tortoise,Axe,Chisel
Anvil,Shovel,Tortoise
Lawn Mower,Knife,Spanner
Anvil,Nail,Screwdriver
Turtle,Axe,Vacuum
Toad,Salamander,Shovel
Blindworm,Crocodile,Paint brush
Alligator,Tortoise,Vacuum
Lizard,Boa python,Hammer
Nail,Chisel,Cobra
Screwdriver,Anvil,Crocodile
Tortoise,Nail,Screwdriver
Chisel,Cobra,Spanner
Lawn Mower,Lizard,Spanner
Alligator,Nail,Saw
Lawn Mower,Chisel,Lizard
Salamander,Hammer,Vacuum
Chameleon,Knife,Tortoise
Nail,Lawn Mower,Lizard
Caiman,Oil can,Tortoise
Grinding disk,Oil can,Vacuum
Nail,Lawn Mower,Shovel
Snake,Axe,Chisel
Boa python,Cobra,Screwdriver
Paint brush,Cobra,Dinosaur
Anvil,Alligator,Chisel
Lizard,Anvil,Hammer
Knife,Oil can,Saw
Paint brush,Anvil,Saw
Saw,Boa python,Grinding disk
Oil can,Chisel,Vacuum
Oil can,Chameleon,Chisel
Anvil,Gecko,Knife
Turtle,Lawn Mower,Saw
Toad,Blindworm,Nail
Spanner,Knife,Tortoise
Nail,Saw,Vacuum
Toad,Chisel,Gecko
Snake,Dinosaur,Salamander
Cobra,Alligator,Axe
Tortoise,Hammer,Toad
Nail,Toad,Tortoise
Chisel,Blindworm,Chameleon
Grinding disk,Alligator,Crocodile
Grinding disk,Chisel,Crocodile
Paint brush,Lawn Mower,Nail
Dinosaur,Shovel,Turtle
Spanner,Blindworm,Paint brush
Salamander,Anvil,Lizard
Grinding disk,Chisel,Turtle
Chameleon,Gecko,Vacuum
Dinosaur,Salamander,Snake
Axe,Boa python,Paint brush
Turtle,Knife,Tortoise
Tortoise,Paint brush,Toad
Axe,Spanner,Toad
Grinding disk,Chisel,Lawn Mower
Vacuum,Lawn Mower,Oil can
Spanner,Boa python,Snake
Nail,Paint brush,Toad
Boa python,Cobra,Oil can
Toad,Caiman,Shovel
Hammer,Screwdriver,Shovel
Cobra,Saw,Vacuum
Saw,Hammer,Snake
Spanner,Screwdriver,Toad
Screwdriver,Gecko,Saw
Tortoise,Dinosaur,Grinding disk
Oil can,Caiman,Spanner
Boa python,Chisel,Saw
Grinding disk,Paint brush,Toad
Spanner,Salamander,Shovel
Salamander,Cobra,Hammer
Gecko,Lawn Mower,Nail
Caiman,Anvil,Gecko
Screwdriver,Grinding disk,Lawn Mower
Gecko,Boa python,Saw
Axe,Grinding disk,Screwdriver
Chisel,Lawn Mower,Turtle
Tortoise,Toad,Vacuum
Turtle,Crocodile,Nail
Tortoise,Dinosaur,Salamander
Lizard,Nail,Oil can
Cobra,Boa python,Saw
Grinding disk,Alligator,Blindworm
Anvil,Oil can,Spanner
Nail,Anvil,Vacuum
Shovel,Alligator,Grinding disk
Salamander,Paint brush,Spanner
Shovel,Boa python,Chisel
Cobra,Blindworm,Shovel
Lawn Mower,Knife,Toad
Alligator,Knife,Oil can
Snake,Nail,Vacuum
Alligator,Chisel,Salamander
Vacuum,Alligator,Boa python
Hammer,Boa python,Shovel
Tortoise,Dinosaur,Spanner
Spanner,Nail,Toad
Anvil,Cobra,Turtle
Blindworm,Lawn Mower,Paint brush
Salamander,Dinosaur,Gecko
Alligator,Blindworm,Shovel
Lizard,Cobra,Nail
Lawn Mower,Tortoise,Turtle
Alligator,Spanner,Vacuum
Anvil,Dinosaur,Gecko
Axe,Cobra,Spanner
Blindworm,Chisel,Gecko
Boa python,Alligator,Grinding disk
Hammer,Chameleon,Nail
Toad,Salamander,Vacuum
Gecko,Axe,Caiman
Oil can,Saw,Toad
Saw,Dinosaur,Lizard
Toad,Dinosaur,Knife
Turtle,Gecko,Nail
Axe,Knife,Snake
Dinosaur,Lizard,Vacuum
Lizard,Oil can,Paint brush
Lizard,Alligator,Chisel
Boa python,Spanner,Tortoise
Snake,Chameleon,Paint brush
Turtle,Paint brush,Snake
Saw,Gecko,Paint brush
Chisel,Alligator,Caiman
Caiman,Boa python,Spanner
Shovel,Saw,Toad
Toad,Caiman,Spanner
Chameleon,Caiman,Snake
Vacuum,Lizard,Nail
Caiman,Boa python,Salamander
Snake,Crocodile,Salamander
Lawn Mower,Knife,Lizard
Boa python,Chameleon,Nail
Turtle,Axe,Chisel
Hammer,Alligator,Knife
Grinding disk,Chisel,Gecko
Tortoise,Hammer,Lizard
Shovel,Blindworm,Turtle
Snake,Chameleon,Hammer
Lawn Mower,Caiman,Screwdriver
Crocodile,Caiman,Hammer
Knife,Lawn Mower,Lizard
Hammer,Alligator,Anvil
Screwdriver,Spanner,Turtle
Snake,Hammer,Spanner
Axe,Dinosaur,Lizard
Crocodile,Lizard,Snake
Boa python,Lawn Mower,Spanner
Shovel,Alligator,Toad
Snake,Axe,Vacuum
Salamander,Spanner,Vacuum
Salamander,Lawn Mower,Tortoise
Knife,Cobra,Paint brush
Salamander,Caiman,Toad
Paint brush,Lawn Mower,Tortoise
Turtle,Paint brush,Screwdriver
Salamander,Anvil,Toad
Crocodile,Hammer,Tortoise
Vacuum,Axe,Cobra
Toad,Chameleon,Chisel
Nail,Boa python,Grinding disk
Snake,Anvil,Gecko
Knife,Alligator,Toad
Crocodile,Anvil,Toad
Lawn Mower,Chisel,Snake
Snake,Dinosaur,Hammer
Salamander,Gecko,Vacuum
Chisel,Nail,Vacuum
Saw,Anvil,Screwdriver
Lawn Mower,Cobra,Turtle
Oil can,Chisel,Saw
Axe,Chameleon,Toad
Toad,Grinding disk,Lizard
Paint brush,Axe,Toad
Screwdriver,Hammer,Tortoise
Toad,Cobra,Grinding disk
Oil can,Knife,Nail
Toad,Blindworm,Tortoise
Dinosaur,Anvil,Nail
Dinosaur,Nail,Oil can
Boa python,Blindworm,Knife
Salamander,Snake,Tortoise
Gecko,Lawn Mower,Spanner
Lawn Mower,Caiman,Paint brush
Nail,Boa python,Shovel
Paint brush,Chameleon,Saw
Paint brush,Chameleon,Turtle
Oil can,Boa python,Knife
Nail,Blindworm,Salamander
Alligator,Snake,Toad
Crocodile,Snake,Vacuum
Dinosaur,Spanner,Vacuum
Chameleon,Toad,Turtle
Crocodile,Lizard,Nail
Tortoise,Lizard,Salamander
Boa python,Screwdriver,Spanner
Turtle,Blindworm,Lawn Mower
Snake,Anvil,Hammer
Salamander,Oil can,Toad
Tortoise,Anvil,Caiman
Hammer,Oil can,Spanner
Spanner,Axe,Nail
Nail,Oil can,Toad
Toad,Dinosaur,Snake
Grinding disk,Chisel,Shovel
Boa python,Crocodile,Saw
Lizard,Blindworm,Gecko
Blindworm,Axe,Turtle
Gecko,Lizard,Spanner
Crocodile,Chameleon,Knife
Paint brush,Cobra,Turtle
Cobra,Axe,Snake
Knife,Axe,Saw
Chameleon,Lizard,Nail
Chameleon,Crocodile,Vacuum
Alligator,Dinosaur,Saw
Dinosaur,Lawn Mower,Oil can
Snake,Crocodile,Knife
Alligator,Gecko,Turtle
Chisel,Grinding disk,Shovel
Oil can,Caiman,Snake
Grinding disk,Salamander,Shovel
Hammer,Caiman,Paint brush
Gecko,Axe,Cobra
Toad,Lizard,Paint brush
Boa python,Anvil,Vacuum
Alligator,Chisel,Nail
Spanner,Lizard,Vacuum
Gecko,Alligator,Chisel
Oil can,Knife,Toad
Toad,Anvil,Lizard
Hammer,Alligator,Snake
Dinosaur,Lizard,Toad
Lizard,Hammer,Toad
Anvil,Chameleon,Nail
Lizard,Anvil,Lawn Mower
Knife,Chisel,Snake
Oil can,Knife,Screwdriver
Axe,Chisel,Knife
Chameleon,Crocodile,Toad
Grinding disk,Cobra,Oil can
Dinosaur,Caiman,Saw
Lawn Mower,Shovel,Snake
Alligator,Dinosaur,Knife
Gecko,Hammer,Nail
Grinding disk,Caiman,Gecko
Anvil,Alligator,Tortoise
Turtle,Chisel,Shovel
Shovel,Tortoise,Vacuum
Oil can,Alligator,Caiman
Saw,Alligator,Nail
Blindworm,Dinosaur,Lizard
Vacuum,Paint brush,Snake
Hammer,Paint brush,Saw
Snake,Alligator,Chameleon
Lawn Mower,Chisel,Toad
Gecko,Anvil,Snake
Tortoise,Cobra,Hammer
Boa python,Gecko,Grinding disk
Anvil,Chisel,Saw
Lawn Mower,Chisel,Knife
Oil can,Blindworm,Chisel
Saw,Grinding disk,Toad
Salamander,Axe,Lawn Mower
Chisel,Hammer,Salamander
Chameleon,Cobra,Turtle
Chameleon,Crocodile,Tortoise
Turtle,Crocodile,Snake
Paint brush,Alligator,Oil can
Toad,Dinosaur,Paint brush
Shovel,Screwdriver,Snake
Hammer,Axe,Vacuum
Nail,Grinding disk,Paint brush
Cobra,Nail,Tortoise
Knife,Chameleon,Gecko
Toad,Anvil,Blindworm
Blindworm,Cobra,Paint brush
Screwdriver,Cobra,Paint brush
Anvil,Chisel,Crocodile
Nail,Shovel,Toad
Chisel,Toad,Vacuum
Spanner,Anvil,Toad
Shovel,Axe,Chisel
Lizard,Boa python,Tortoise
Paint brush,Alligator,Anvil
Vacuum,Dinosaur,Salamander
Chisel,Blindworm,Turtle
Chameleon,Nail,Toad
Lizard,Crocodile,Salamander
Oil can,Axe,Turtle
Dinosaur,Hammer,Paint brush
Spanner,Chisel,Shovel
Chisel,Chameleon,Saw
Toad,Blindworm,Salamander
Knife,Nail,Saw
Grinding disk,Axe,Nail
Boa python,Blindworm,Hammer
Shovel,Blindworm,Nail
Caiman,Oil can,Salamander
Screwdriver,Caiman,Grinding disk
Vacuum,Chisel,Oil can
Gecko,Paint brush,Vacuum
Grinding disk,Chisel,Dinosaur
Shovel,Nail,Turtle
Vacuum,Chisel,Saw
Tortoise,Crocodile,Oil can
Cobra,Alligator,Knife
Chameleon,Shovel,Vacuum
Paint brush,Chameleon,Knife
Axe,Alligator,Chameleon
Nail,Oil can,Snake
Salamander,Crocodile,Lawn Mower
Shovel,Chisel,Screwdriver
Anvil,Grinding disk,Saw
Salamander,Crocodile,Nail
Saw,Chameleon,Shovel
Chameleon,Boa python,Nail
Knife,Chisel,Salamander
Turtle,Blindworm,Salamander
Anvil,Axe,Crocodile
Lawn Mower,Oil can,Spanner
Paint brush,Anvil,Dinosaur
Chisel,Alligator,Hammer
Lizard,Caiman,Vacuum
Vacuum,Snake,Spanner
Knife,Grinding disk,Shovel
Caiman,Anvil,Knife
Tortoise,Alligator,Chameleon
Axe,Cobra,Saw
Tortoise,Boa python,Spanner
Anvil,Gecko,Snake
Hammer,Lawn Mower,Shovel
Chameleon,Nail,Paint brush
Dinosaur,Lawn Mower,Saw
Hammer,Chameleon,Lizard
Anvil,Lizard,Turtle
Blindworm,Chameleon,Hammer
Lizard,Screwdriver,Tortoise
Knife,Dinosaur,Paint brush
Shovel,Axe,Lawn Mower
Vacuum,Blindworm,Hammer
Screwdriver,Snake,Vacuum
Screwdriver,Axe,Boa python
Saw,Anvil,Paint brush
Dinosaur,Crocodile,Knife
Chisel,Crocodile,Paint brush
Saw,Crocodile,Vacuum
Caiman,Gecko,Saw
Lawn Mower,Alligator,Crocodile
Tortoise,Knife,Oil can
Toad,Hammer,Tortoise
Snake,Blindworm,Toad
Screwdriver,Anvil,Nail
Gecko,Axe,Tortoise
Turtle,Axe,Lawn Mower
Spanner,Lizard,Screwdriver
Chameleon,Spanner,Vacuum
Hammer,Paint brush,Spanner
Snake,Alligator,Blindworm
Toad,Chameleon,Spanner
Gecko,Chisel,Lizard
Paint brush,Lizard,Turtle
Spanner,Grinding disk,Screwdriver
Gecko,Anvil,Dinosaur
Alligator,Hammer,Vacuum
Lawn Mower,Cobra,Snake
Gecko,Chameleon,Paint brush
Lizard,Blindworm,Caiman
Shovel,Boa python,Crocodile
Hammer,Dinosaur,Saw
Shovel,Dinosaur,Grinding disk
Blindworm,Alligator,Tortoise
Shovel,Crocodile,Lizard
Lawn Mower,Chisel,Turtle
Hammer,Gecko,Lizard
Chameleon,Nail,Salamander
Axe,Alligator,Spanner
Chisel,Lawn Mower,Toad
Cobra,Blindworm,Crocodile
Hammer,Axe,Cobra
Turtle,Alligator,Chisel
Hammer,Blindworm,Paint brush
Lizard,Alligator,Shovel
Knife,Dinosaur,Shovel
Nail,Hammer,Lizard
Snake,Anvil,Caiman
Boa python,Crocodile,Snake
Blindworm,Alligator,Anvil
Boa python,Lizard,Shovel
Shovel,Chisel,Oil can
Knife,Dinosaur,Screwdriver
Chisel,Nail,Oil can
Screwdriver,Axe,Toad
Shovel,Spanner,Tortoise
Salamander,Caiman,Dinosaur
Salamander,Chisel,Toad
Saw,Gecko,Shovel
Toad,Cobra,Crocodile
Chisel,Alligator,Gecko
Chisel,Crocodile,Dinosaur
Salamander,Saw,Vacuum
Hammer,Cobra,Screwdriver
Vacuum,Caiman,Spanner
Shovel,Chameleon,Lizard
Gecko,Lizard,Nail
Lizard,Hammer,Salamander
Dinosaur,Boa python,Spanner
Boa python,Blindworm,Toad
Oil can,Crocodile,Spanner
Tortoise,Axe,Gecko
Snake,Chameleon,Lizard
Blindworm,Snake,Vacuum
Knife,Chisel,Crocodile
Knife,Hammer,Toad
Lizard,Alligator,Gecko
Dinosaur,Crocodile,Vacuum
Grinding disk,Oil can,Salamander
Saw,Lawn Mower,Snake
Cobra,Knife,Salamander
Alligator,Dinosaur,Vacuum
Nail,Cobra,Salamander
Shovel,Lizard,Oil can
Toad,Boa python,Saw
Dinosaur,Alligator,Crocodile
Toad,Alligator,Gecko
Hammer,Alligator,Spanner
Toad,Alligator,Turtle
Vacuum,Grinding disk,Turtle
Nail,Anvil,Shovel
Alligator,Lizard,Screwdriver
Paint brush,Spanner,Tortoise
Snake,Grinding disk,Knife
Spanner,Shovel,Toad
Saw,Crocodile,Salamander
Knife,Cobra,Gecko
Saw,Chameleon,Chisel
Screwdriver,Cobra,Dinosaur
Toad,Caiman,Dinosaur
Hammer,Lawn Mower,Nail
Screwdriver,Anvil,Vacuum
Dinosaur,Anvil,Vacuum
Cobra,Gecko,Grinding disk
Lizard,Lawn Mower,Screwdriver
Tortoise,Chameleon,Knife
Tortoise,Chisel,Shovel
Axe,Snake,Toad
Cobra,Boa python,Lizard
Anvil,Crocodile,Gecko
Caiman,Blindworm,Spanner
Spanner,Crocodile,Paint brush
Oil can,Grinding disk,Knife
Screwdriver,Dinosaur,Shovel
Boa python,Toad,Vacuum
Blindworm,Lawn Mower,Oil can
Snake,Chameleon,Nail
Gecko,Cobra,Tortoise
Oil can,Lawn Mower,Snake
Oil can,Paint brush,Turtle
Chameleon,Snake,Spanner
Screwdriver,Axe,Paint brush
Turtle,Chisel,Spanner
Caiman,Grinding disk,Toad
Toad,Nail,Spanner
Cobra,Spanner,Toad
Crocodile,Cobra,Toad
Alligator,Lawn Mower,Tortoise
Snake,Salamander,Tortoise
Vacuum,Grinding disk,Tortoise
Spanner,Grinding disk,Salamander
Vacuum,Chisel,Tortoise
Spanner,Cobra,Dinosaur
Toad,Axe,Tortoise
Axe,Nail,Shovel
Dinosaur,Boa python,Snake
Crocodile,Oil can,Saw
Boa python,Knife,Oil can
Snake,Blindworm,Chameleon
Tortoise,Salamander,Screwdriver
Snake,Blindworm,Gecko
Oil can,Cobra,Dinosaur
Lizard,Cobra,Toad
Alligator,Lawn Mower,Snake
Boa python,Chisel,Gecko
Spanner,Caiman,Shovel
Grinding disk,Crocodile,Toad
Grinding disk,Knife,Oil can
Toad,Chisel,Lizard
Snake,Saw,Spanner
Axe,Anvil,Chameleon
Tortoise,Chisel,Cobra
Salamander,Caiman,Nail
Hammer,Dinosaur,Lawn Mower
Lawn Mower,Lizard,Shovel
Oil can,Hammer,Tortoise
Cobra,Shovel,Snake
Turtle,Caiman,Grinding disk
Oil can,Gecko,Hammer
Saw,Alligator,Cobra
Turtle,Axe,Dinosaur
Blindworm,Hammer,Vacuum
Caiman,Gecko,Nail
Spanner,Lizard,Nail
Anvil,Nail,Saw
Vacuum,Axe,Hammer
Toad,Grinding disk,Tortoise
Axe,Alligator,Snake
Knife,Lawn Mower,Saw
Tortoise,Knife,Toad
Screwdriver,Boa python,Hammer
Paint brush,Gecko,Saw
Vacuum,Oil can,Tortoise
Screwdriver,Hammer,Nail
Blindworm,Axe,Chisel
Lizard,Caiman,Hammer
Caiman,Saw,Shovel
Chameleon,Blindworm,Crocodile
Grinding disk,Caiman,Chisel
Lizard,Chisel,Shovel
Vacuum,Boa python,Crocodile
Axe,Lizard,Vacuum
Paint brush,Nail,Toad
Tortoise,Grinding disk,Vacuum
Oil can,Lizard,Paint brush
Snake,Chameleon,Spanner
Toad,Lawn Mower,Lizard
Chameleon,Knife,Spanner
Salamander,Axe,Vacuum
Vacuum,Dinosaur,Snake
Nail,Boa python,Knife
Snake,Gecko,Paint brush
Salamander,Axe,Nail
Crocodile,Axe,Shovel
Tortoise,Crocodile,Dinosaur
Oil can,Hammer,Saw
Gecko,Anvil,Saw
Chisel,Spanner,Tortoise
Dinosaur,Chisel,Crocodile
Knife,Crocodile,Salamander
Screwdriver,Alligator,Gecko
Crocodile,Axe,Chameleon
Knife,Nail,Shovel
Saw,Crocodile,Snake
Blindworm,Chameleon,Snake
Caiman,Blindworm,Snake
Toad,Crocodile,Knife
Paint brush,Shovel,Toad
Anvil,Alligator,Dinosaur
Snake,Caiman,Shovel
Cobra,Hammer,Vacuum
Shovel,Blindworm,Lizard
Lizard,Oil can,Turtle
Chameleon,Lizard,Saw
Blindworm,Lizard,Oil can
Lizard,Toad,Tortoise
Crocodile,Axe,Boa python
Lizard,Blindworm,Cobra
Blindworm,Boa python,Chisel
Dinosaur,Alligator,Saw
Chisel,Snake,Turtle
Lawn Mower,Chisel,Salamander
Oil can,Nail,Tortoise
Crocodile,Boa python,Shovel
Axe,Anvil,Salamander
Salamander,Blindworm,Turtle
Salamander,Crocodile,Grinding disk
Oil can,Dinosaur,Knife
Tortoise,Lizard,Turtle
Vacuum,Anvil,Knife
Boa python,Axe,Dinosaur
Salamander,Alligator,Gecko
Cobra,Axe,Caiman
Turtle,Axe,Crocodile
Saw,Gecko,Turtle
Dinosaur,Nail,Spanner
Boa python,Crocodile,Vacuum
Chisel,Chameleon,Dinosaur
Saw,Anvil,Tortoise
Grinding disk,Alligator,Dinosaur
Shovel,Caiman,Vacuum
Knife,Blindworm,Nail
Salamander,Boa python,Nail
Boa python,Dinosaur,Spanner
Chameleon,Chisel,Lizard
Snake,Chisel,Crocodile
Cobra,Knife,Screwdriver
Caiman,Gecko,Toad
Caiman,Gecko,Knife
Shovel,Snake,Turtle
Dinosaur,Knife,Oil can
Crocodile,Anvil,Nail
Lawn Mower,Nail,Vacuum
Lizard,Lawn Mower,Snake
Paint brush,Alligator,Chameleon
Hammer,Alligator,Tortoise
Turtle,Grinding disk,Lawn Mower
Paint brush,Oil can,Saw
Knife,Cobra,Oil can
Knife,Screwdriver,Shovel
Anvil,Salamander,Vacuum
Turtle,Dinosaur,Vacuum
Toad,Knife,Screwdriver
Spanner,Cobra,Lizard
Spanner,Gecko,Saw
Screwdriver,Crocodile,Dinosaur
Crocodile,Anvil,Gecko
Lawn Mower,Caiman,Chisel
Paint brush,Hammer,Vacuum
Gecko,Lawn Mower,Vacuum
Salamander,Oil can,Vacuum
Nail,Alligator,Oil can
Alligator,Knife,Spanner
Boa python,Lawn Mower,Tortoise
Grinding disk,Gecko,Lawn Mower
Crocodile,Chisel,Hammer
Nail,Grinding disk,Spanner
Blindworm,Boa python,Cobra
Cobra,Caiman,Saw
Axe,Cobra,Salamander
Dinosaur,Paint brush,Spanner
Tortoise,Blindworm,Vacuum
Axe,Chameleon,Screwdriver
Nail,Lawn Mower,Tortoise
Turtle,Grinding disk,Tortoise
Snake,Lizard,Screwdriver
Cobra,Axe,Crocodile
Cobra,Anvil,Toad
Turtle,Oil can,Screwdriver
Axe,Gecko,Shovel
Spanner,Anvil,Turtle
Paint brush,Grinding disk,Toad
Salamander,Chameleon,Gecko
Saw,Lizard,Vacuum
Grinding disk,Blindworm,Snake
Gecko,Anvil,Chameleon
Axe,Hammer,Toad
Crocodile,Cobra,Turtle
Axe,Chameleon,Chisel
Caiman,Grinding disk,Salamander
Toad,Anvil,Cobra
Boa python,Chisel,Screwdriver
Lawn Mower,Boa python,Lizard
Spanner,Blindworm,Shovel
Lawn Mower,Boa python,Snake
Hammer,Anvil,Grinding disk
Gecko,Anvil,Toad
Shovel,Anvil,Screwdriver
Screwdriver,Blindworm,Cobra
Axe,Hammer,Spanner
Blindworm,Caiman,Spanner
Cobra,Chameleon,Lizard
Boa python,Dinosaur,Knife
Lawn Mower,Lizard,Turtle
Saw,Alligator,Knife
Knife,Boa python,Lawn Mower
Shovel,Anvil,Axe
Axe,Chameleon,Tortoise
Knife,Boa python,Chisel
Saw,Caiman,Toad
Lawn Mower,Chisel,Crocodile
Nail,Crocodile,Turtle
Nail,Screwdriver,Spanner
Chisel,Dinosaur,Turtle
Caiman,Crocodile,Turtle
Cobra,Grinding disk,Tortoise
Caiman,Anvil,Axe
Boa python,Caiman,Paint brush
Nail,Grinding disk,Shovel
Spanner,Hammer,Salamander
Saw,Alligator,Crocodile
Knife,Tortoise,Turtle
Axe,Shovel,Snake
Alligator,Anvil,Crocodile
Lizard,Knife,Vacuum
Paint brush,Caiman,Nail
Lizard,Gecko,Knife
Dinosaur,Boa python,Vacuum
Saw,Crocodile,Spanner
Turtle,Dinosaur,Gecko
Screwdriver,Cobra,Oil can
Axe,Alligator,Lawn Mower
Saw,Caiman,Tortoise
Alligator,Anvil,Saw
Grinding disk,Boa python,Chameleon
Screwdriver,Lawn Mower,Paint brush
Hammer,Nail,Salamander
Tortoise,Axe,Nail
Oil can,Crocodile,Shovel
Caiman,Alligator,Grinding disk
Turtle,Lizard,Shovel
Lawn Mower,Hammer,Saw
Axe,Cobra,Crocodile
Snake,Spanner,Tortoise
Knife,Saw,Tortoise
Lizard,Anvil,Axe
Chameleon,Hammer,Lizard
Alligator,Cobra,Paint brush
Caiman,Boa python,Turtle
Screwdriver,Toad,Turtle
Cobra,Caiman,Grinding disk
Grinding disk,Crocodile,Spanner
Chameleon,Paint brush,Turtle
Nail,Cobra,Grinding disk
Boa python,Axe,Lizard
Knife,Caiman,Spanner
Axe,Tortoise,Vacuum
Spanner,Alligator,Tortoise
Salamander,Anvil,Vacuum
Grinding disk,Gecko,Oil can
Toad,Dinosaur,Oil can
Cobra,Anvil,Blindworm
Blindworm,Lizard,Vacuum
Oil can,Chameleon,Screwdriver
Turtle,Chameleon,Dinosaur
Nail,Knife,Tortoise
Chisel,Axe,Dinosaur
Lawn Mower,Tortoise,Vacuum
Gecko,Blindworm,Chameleon
Saw,Paint brush,Shovel
Lizard,Caiman,Dinosaur
Dinosaur,Axe,Cobra
Lawn Mower,Hammer,Knife
Chameleon,Gecko,Oil can
Gecko,Chisel,Dinosaur
Spanner,Dinosaur,Saw
Tortoise,Blindworm,Gecko
Boa python,Grinding disk,Knife
Crocodile,Lizard,Salamander
Toad,Knife,Vacuum
Cobra,Chisel,Nail
Chameleon,Screwdriver,Spanner
Crocodile,Cobra,Spanner
Vacuum,Grinding disk,Hammer
Chameleon,Boa python,Snake
Tortoise,Knife,Vacuum
Vacuum,Chameleon,Snake
Hammer,Axe,Saw
Lizard,Chisel,Nail
Turtle,Alligator,Salamander
Salamander,Anvil,Chameleon
Shovel,Blindworm,Salamander
Oil can,Screwdriver,Snake
Oil can,Axe,Grinding disk
Caiman,Grinding disk,Nail
Knife,Gecko,Saw
Snake,Cobra,Oil can
Shovel,Anvil,Vacuum
Alligator,Shovel,Spanner
Nail,Paint brush,Shovel
Salamander,Hammer,Tortoise
Paint brush,Hammer,Lawn Mower
Dinosaur,Crocodile,Hammer
Nail,Caiman,Paint brush
Gecko,Lawn Mower,Saw
Caiman,Shovel,Spanner
Dinosaur,Screwdriver,Tortoise
Salamander,Gecko,Grinding disk
Toad,Boa python,Salamander
Turtle,Chameleon,Shovel
Turtle,Axe,Spanner
Chameleon,Grinding disk,Knife
Gecko,Boa python,Crocodile
Anvil,Gecko,Hammer
Lizard,Alligator,Dinosaur
Caiman,Dinosaur,Toad
Spanner,Blindworm,Lizard
Boa python,Axe,Chisel
Grinding disk,Boa python,Dinosaur
Spanner,Axe,Toad
Chisel,Knife,Tortoise
Screwdriver,Cobra,Nail
Hammer,Lizard,Vacuum
Crocodile,Dinosaur,Toad
Snake,Alligator,Lawn Mower
Snake,Gecko,Vacuum
Cobra,Caiman,Chameleon
Oil can,Alligator,Dinosaur
Hammer,Caiman,Nail
Crocodile,Lizard,Tortoise
Anvil,Snake,Turtle
Nail,Gecko,Salamander
Oil can,Chisel,Screwdriver
Caiman,Blindworm,Paint brush
Hammer,Shovel,Turtle
Hammer,Lizard,Toad
Dinosaur,Salamander,Spanner
Shovel,Dinosaur,Salamander
Chisel,Chameleon,Hammer
Spanner,Crocodile,Knife
Knife,Alligator,Lawn Mower
Screwdriver,Oil can,Turtle
Boa python,Alligator,Nail
Knife,Gecko,Spanner
Chameleon,Anvil,Screwdriver
Dinosaur,Oil can,Spanner
Grinding disk,Chameleon,Lizard
Caiman,Cobra,Hammer
Boa python,Dinosaur,Screwdriver
Salamander,Chameleon,Dinosaur
Nail,Boa python,Salamander
Screwdriver,Gecko,Spanner
Paint brush,Gecko,Screwdriver
Gecko,Alligator,Salamander
Paint brush,Dinosaur,Salamander
Lawn Mower,Dinosaur,Salamander
Knife,Hammer,Turtle
Saw,Chameleon,Gecko
Crocodile,Alligator,Turtle
Lawn Mower,Cobra,Shovel
Tortoise,Salamander,Shovel
Alligator,Lizard,Tortoise
Crocodile,Dinosaur,Knife
Dinosaur,Anvil,Tortoise
Turtle,Grinding disk,Lizard
Tortoise,Cobra,Gecko
Dinosaur,Chameleon,Oil can
Boa python,Blindworm,Saw
Chisel,Grinding disk,Saw
Blindworm,Paint brush,Salamander
Spanner,Snake,Toad
Chisel,Caiman,Gecko
Lizard,Oil can,Shovel
Axe,Hammer,Shovel
Grinding disk,Knife,Lizard
Chisel,Anvil,Blindworm
Hammer,Anvil,Vacuum
Screwdriver,Dinosaur,Tortoise
Cobra,Tortoise,Turtle
Crocodile,Knife,Vacuum
Hammer,Knife,Shovel
Lizard,Anvil,Cobra
Salamander,Chameleon,Chisel
Hammer,Knife,Paint brush
Crocodile,Grinding disk,Lizard
Saw,Boa python,Paint brush
Vacuum,Lawn Mower,Screwdriver
Gecko,Anvil,Crocodile
Saw,Lizard,Snake
Alligator,Caiman,Gecko
Gecko,Alligator,Tortoise
Blindworm,Crocodile,Tortoise
Knife,Lizard,Tortoise
Alligator,Chameleon,Dinosaur
Salamander,Blindworm,Snake
Oil can,Blindworm,Lizard
Boa python,Blindworm,Shovel
Turtle,Lizard,Vacuum
Saw,Dinosaur,Turtle
Knife,Chisel,Gecko
Lizard,Chameleon,Knife
Toad,Grinding disk,Snake
Tortoise,Blindworm,Caiman
Snake,Alligator,Saw
Screwdriver,Anvil,Oil can
Chameleon,Dinosaur,Lawn Mower
Toad,Boa python,Hammer
Hammer,Caiman,Spanner
Nail,Anvil,Snake
Dinosaur,Gecko,Toad
Oil can,Chameleon,Turtle
Axe,Lawn Mower,Toad
Chisel,Alligator,Spanner
Paint brush,Cobra,Toad
Lizard,Caiman,Crocodile
Turtle,Chameleon,Nail
Knife,Gecko,Salamander
Crocodile,Blindworm,Lizard
Paint brush,Lawn Mower,Saw
Salamander,Boa python,Paint brush
Turtle,Knife,Snake
Lawn Mower,Boa python,Nail
Alligator,Boa python,Vacuum
Chameleon,Axe,Shovel
Spanner,Chameleon,Hammer
Crocodile,Boa python,Grinding disk
Dinosaur,Crocodile,Gecko
Shovel,Alligator,Nail
Dinosaur,Hammer,Vacuum
Snake,Anvil,Screwdriver
Screwdriver,Alligator,Crocodile
Hammer,Alligator,Saw
Nail,Anvil,Salamander
Spanner,Anvil,Lizard
Alligator,Cobra,Screwdriver
Axe,Snake,Vacuum
Cobra,Saw,Spanner
Hammer,Caiman,Turtle
Toad,Cobra,Lizard
Spanner,Lizard,Shovel
Chisel,Oil can,Spanner
Axe,Boa python,Vacuum
Toad,Shovel,Turtle
Caiman,Axe,Turtle
Alligator,Salamander,Snake
Lizard,Dinosaur,Screwdriver
Toad,Gecko,Turtle
Shovel,Lizard,Vacuum
Hammer,Axe,Blindworm
Saw,Anvil,Boa python
Turtle,Blindworm,Chameleon
Hammer,Grinding disk,Oil can
Turtle,Chisel,Salamander
Boa python,Cobra,Grinding disk
Caiman,Cobra,Dinosaur
Gecko,Chameleon,Grinding disk
Lawn Mower,Spanner,Vacuum
Lawn Mower,Hammer,Paint brush
Paint brush,Oil can,Snake
Chameleon,Crocodile,Lawn Mower
Chisel,Dinosaur,Lizard
Boa python,Crocodile,Paint brush
Shovel,Boa python,Paint brush
Salamander,Lizard,Shovel
Paint brush,Cobra,Tortoise
Crocodile,Boa python,Snake
Caiman,Anvil,Screwdriver
Nail,Alligator,Dinosaur
Lizard,Blindworm,Boa python
Crocodile,Nail,Turtle
Alligator,Oil can,Salamander
Vacuum,Knife,Lizard
Saw,Chameleon,Snake
Chisel,Dinosaur,Nail
Grinding disk,Cobra,Crocodile
Blindworm,Chameleon,Dinosaur
Crocodile,Lawn Mower,Oil can
Saw,Boa python,Tortoise
Chameleon,Caiman,Paint brush
Paint brush,Boa python,Vacuum
Saw,Paint brush,Spanner
Axe,Cobra,Screwdriver
Hammer,Oil can,Saw
Oil can,Screwdriver,Shovel
Anvil,Hammer,Toad
Paint brush,Dinosaur,Knife
Vacuum,Gecko,Shovel
Chisel,Oil can,Tortoise
Alligator,Boa python,Caiman
Gecko,Boa python,Lawn Mower
Chisel,Lizard,Spanner
Shovel,Chameleon,Vacuum
Salamander,Cobra,Knife
Paint brush,Caiman,Salamander
Knife,Caiman,Gecko
Salamander,Anvil,Turtle
Crocodile,Anvil,Chameleon
Snake,Tortoise,Vacuum
Cobra,Snake,Tortoise
Blindworm,Boa python,Screwdriver
Tortoise,Oil can,Salamander
Tortoise,Lawn Mower,Nail
Screwdriver,Snake,Tortoise
Paint brush,Caiman,Hammer
Chameleon,Hammer,Screwdriver
Lizard,Blindworm,Oil can
Anvil,Hammer,Oil can
Alligator,Anvil,Tortoise
Toad,Gecko,Screwdriver
Lawn Mower,Screwdriver,Shovel
Gecko,Anvil,Nail
Blindworm,Gecko,Toad
Dinosaur,Gecko,Vacuum
Caiman,Nail,Toad
Saw,Boa python,Shovel
Snake,Axe,Hammer
Spanner,Dinosaur,Tortoise
Cobra,Anvil,Tortoise
Chameleon,Crocodile,Gecko
Salamander,Gecko,Toad
Chameleon,Shovel,Toad
Saw,Shovel,Tortoise
Toad,Blindworm,Grinding disk
Lawn Mower,Shovel,Toad
Paint brush,Snake,Spanner
Paint brush,Chisel,Cobra
Crocodile,Gecko,Paint brush
Lawn Mower,Hammer,Tortoise
Hammer,Dinosaur,Toad
Alligator,Boa python,Nail
Tortoise,Crocodile,Saw
Dinosaur,Blindworm,Hammer
Spanner,Shovel,Turtle
Knife,Tortoise,Vacuum
Dinosaur,Saw,Snake
Caiman,Snake,Vacuum
Turtle,Cobra,Hammer
Blindworm,Axe,Hammer
Saw,Boa python,Turtle
Boa python,Chameleon,Vacuum
Lawn Mower,Saw,Spanner
Lizard,Anvil,Saw
Knife,Anvil,Snake
Alligator,Snake,Vacuum
Shovel,Axe,Hammer
Axe,Dinosaur,Grinding disk
Oil can,Paint brush,Toad
Alligator,Crocodile,Screwdriver
Knife,Spanner,Toad
Lizard,Screwdriver,Spanner
Lizard,Caiman,Spanner
Chameleon,Lawn Mower,Salamander
Lizard,Alligator,Snake
Saw,Chameleon,Hammer
Anvil,Lizard,Screwdriver
Grinding disk,Cobra,Salamander
Crocodile,Salamander,Snake
Anvil,Hammer,Lizard
Crocodile,Boa python,Caiman
Lizard,Chameleon,Tortoise
Shovel,Alligator,Paint brush
Alligator,Salamander,Saw
Screwdriver,Chisel,Tortoise
Boa python,Grinding disk,Toad
Paint brush,Axe,Blindworm
Cobra,Chameleon,Grinding disk
Salamander,Blindworm,Shovel
Cobra,Caiman,Lawn Mower
Hammer,Boa python,Dinosaur
Knife,Dinosaur,Nail
Hammer,Alligator,Salamander
Turtle,Chameleon,Paint brush
Hammer,Anvil,Spanner
Salamander,Gecko,Turtle
Blindworm,Gecko,Hammer
Boa python,Crocodile,Lawn Mower
Vacuum,Gecko,Hammer
Axe,Caiman,Dinosaur
Dinosaur,Lawn Mower,Shovel
Dinosaur,Hammer,Snake
Knife,Hammer,Spanner
Screwdriver,Anvil,Boa python
Cobra,Grinding disk,Hammer
Nail,Dinosaur,Gecko
Hammer,Lizard,Turtle
Axe,Cobra,Lawn Mower
Snake,Nail,Shovel
Chameleon,Alligator,Nail
Caiman,Spanner,Toad
Lawn Mower,Alligator,Chisel
Saw,Hammer,Tortoise
Chisel,Axe,Knife
Salamander,Blindworm,Crocodile
Knife,Blindworm,Paint brush
Caiman,Salamander,Spanner
Lizard,Crocodile,Paint brush
Cobra,Blindworm,Oil can
Axe,Caiman,Knife
Cobra,Knife,Paint brush
Grinding disk,Axe,Salamander
Snake,Crocodile,Oil can
Boa python,Screwdriver,Vacuum
Paint brush,Crocodile,Tortoise
Boa python,Gecko,Saw
Nail,Salamander,Spanner
Anvil,Dinosaur,Lawn Mower
Blindworm,Chisel,Oil can
Spanner,Nail,Paint brush
Lizard,Lawn Mower,Oil can
Chameleon,Saw,Tortoise
Snake,Blindworm,Knife
Anvil,Knife,Lizard
Cobra,Boa python,Hammer
Chameleon,Lawn Mower,Saw
Caiman,Axe,Knife
Spanner,Dinosaur,Hammer
Screwdriver,Blindworm,Tortoise
Saw,Crocodile,Grinding disk
Toad,Lawn Mower,Nail
Boa python,Crocodile,Knife
Nail,Chameleon,Crocodile
Gecko,Lawn Mower,Turtle
Dinosaur,Chisel,Cobra
Tortoise,Salamander,Vacuum
Snake,Alligator,Dinosaur
Snake,Blindworm,Paint brush
Hammer,Chameleon,Shovel
Boa python,Chameleon,Chisel
Turtle,Cobra,Spanner
Screwdriver,Anvil,Salamander
Dinosaur,Hammer,Toad
Crocodile,Axe,Tortoise
Nail,Axe,Spanner
Saw,Chisel,Vacuum
Screwdriver,Gecko,Grinding disk
Crocodile,Knife,Toad
Chisel,Alligator,Anvil
Snake,Saw,Screwdriver
Grinding disk,Cobra,Lawn Mower
Caiman,Axe,Hammer
Nail,Blindworm,Tortoise
Caiman,Chisel,Oil can
Caiman,Anvil,Lawn Mower
Lizard,Toad,Vacuum
Caiman,Lawn Mower,Saw
Axe,Spanner,Vacuum
Anvil,Alligator,Snake
Shovel,Oil can,Spanner
Oil can,Grinding disk,Tortoise
Paint brush,Chameleon,Vacuum
Salamander,Alligator,Crocodile
Shovel,Cobra,Vacuum
Knife,Gecko,Vacuum
Hammer,Alligator,Screwdriver
Grinding disk,Hammer,Nail
Hammer,Lawn Mower,Paint brush
Alligator,Paint brush,Screwdriver
Dinosaur,Boa python,Oil can
Hammer,Anvil,Blindworm
Nail,Blindworm,Saw
Nail,Alligator,Blindworm
Chisel,Toad,Turtle
Paint brush,Grinding disk,Lawn Mower
Vacuum,Caiman,Snake
Anvil,Cobra,Shovel
Chisel,Gecko,Spanner
Turtle,Gecko,Lawn Mower
Cobra,Spanner,Turtle
Oil can,Caiman,Toad
