brussel sprout,plum,golfball
baseball,onion,golfball
watermelon,peach,soccer ball
billiard ball,pumpkin,squash ball
tennis ball,rubber ball,tomato
medicine ball,watermelon,basketball
baseball,cantaloupe,MacIntosh apple
baseball,blueberry,peach
rubber ball,basketball,squash ball
tennis ball,onion,cherry
walnut,brussel sprout,baseball
clementine,tennis ball,crab apple
onion,walnut,golfball
wiffle ball,cherry,pea
grapefruit,olive,golfball
croquet ball,radish,wiffle ball
baseball,orange,tennis ball
soccer ball,wiffle ball,beach ball
crab apple,nectarine,plum
cherry,watermelon,clementine
grapefruit,volleyball,baseball
cherry,grape,billiard ball
plum,hocky ball,lemon
tomato,cherry,wiffle ball
blueberry,medicine ball,lime
bowling ball,volleyball,medicine ball
radish,watermelon,tomato
croquet ball,pea,onion
kiwi,radish,crab apple
tomato,bowling ball,peach
medicine ball,golfball,baseball
medicine ball,tennis ball,onion
olive,baseball,cantaloupe
basketball,orange,walnut
grapefruit,lime,peach
soccer ball,clementine,tennis ball
squash ball,super ball,golfball
pumpkin,onion,yoga ball
clementine,wiffle ball,pumpkin
grapefruit,volleyball,tomato
tomato,bowling ball,grape
pea,baseball,cherry
globe,billiard ball,rubber ball
golfball,croquet ball,cantaloupe
MacIntosh apple,grapefruit,bowling ball
grapefruit,crab apple,hocky ball
hocky ball,croquet ball,Granny Smith apple
MacIntosh apple,wiffle ball,bowling ball
blueberry,beach ball,wiffle ball
beach ball,clementine,softball
pumpkin,Granny Smith apple,wiffle ball
soccer ball,orange,rubber ball
yoga ball,bowling ball,onion
pea,marble,pingpong ball
pea,squash ball,MacIntosh apple
lime,croquet ball,bowling ball
baseball,crab apple,pingpong ball
bowling ball,nectarine,orange
wiffle ball,soccer ball,volleyball
golfball,yoga ball,cherry
walnut,softball,bowling ball
brussel sprout,soccer ball,onion
grape,squash ball,volleyball
cantaloupe,clementine,marble
grapefruit,rubber ball,soccer ball
golfball,wiffle ball,brussel sprout
medicine ball,globe,orange
volleyball,globe,olive
medicine ball,olive,beach ball
baseball,globe,radish
cherry,MacIntosh apple,clementine
onion,clementine,orange
croquet ball,billiard ball,radish
pea,croquet ball,medicine ball
medicine ball,croquet ball,grape
wiffle ball,lemon,hocky ball
bowling ball,walnut,cantaloupe
tennis ball,wiffle ball,lemon
cantaloupe,blueberry,onion
volleyball,grape,orange
billiard ball,crab apple,kiwi
yoga ball,cantaloupe,grape
bowling ball,rubber ball,clementine
kiwi,medicine ball,basketball
lime,brussel sprout,softball
kiwi,blueberry,medicine ball
soccer ball,crab apple,basketball
cantaloupe,lime,pingpong ball
brussel sprout,peach,hocky ball
volleyball,clementine,beach ball
yoga ball,pingpong ball,billiard ball
blueberry,soccer ball,crab apple
crab apple,plum,lime
plum,lemon,Granny Smith apple
tennis ball,hocky ball,soccer ball
pingpong ball,Granny Smith apple,orange
bowling ball,walnut,olive
squash ball,Granny Smith apple,globe
soccer ball,pea,rubber ball
plum,blueberry,MacIntosh apple
golfball,radish,Granny Smith apple
pea,tomato,grape
cherry,squash ball,radish
crab apple,tomato,squash ball
squash ball,soccer ball,billiard ball
peach,yoga ball,crab apple
olive,grape,tennis ball
Granny Smith apple,golfball,lime
basketball,orange,beach ball
bowling ball,orange,kiwi
baseball,peach,marble
tennis ball,lemon,peach
peach,cantaloupe,cherry
orange,crab apple,croquet ball
pea,walnut,blueberry
radish,yoga ball,wiffle ball
globe,lime,croquet ball
cantaloupe,onion,wiffle ball
pumpkin,softball,lime
grape,lime,clementine
baseball,lime,walnut
brussel sprout,olive,golfball
medicine ball,yoga ball,kiwi
marble,tennis ball,softball
nectarine,hocky ball,yoga ball
billiard ball,grape,tomato
pingpong ball,squash ball,beach ball
olive,radish,orange
onion,globe,croquet ball
pumpkin,croquet ball,softball
clementine,pingpong ball,plum
peach,MacIntosh apple,lime
grapefruit,cherry,tennis ball
tennis ball,croquet ball,marble
beach ball,soccer ball,marble
peach,tomato,cantaloupe
clementine,beach ball,super ball
beach ball,yoga ball,walnut
squash ball,billiard ball,clementine
beach ball,soccer ball,baseball
grape,cherry,peach
pumpkin,Granny Smith apple,MacIntosh apple
Granny Smith apple,volleyball,lemon
rubber ball,softball,beach ball
beach ball,clementine,pingpong ball
grape,lime,plum
walnut,wiffle ball,squash ball
marble,orange,grapefruit
pea,wiffle ball,softball
watermelon,crab apple,softball
medicine ball,pumpkin,golfball
clementine,onion,hocky ball
marble,yoga ball,clementine
super ball,baseball,kiwi
brussel sprout,super ball,walnut
golfball,billiard ball,tennis ball
softball,cherry,wiffle ball
kiwi,volleyball,basketball
lemon,pingpong ball,cherry
globe,olive,nectarine
pumpkin,pingpong ball,wiffle ball
blueberry,croquet ball,brussel sprout
golfball,kiwi,onion
cherry,beach ball,softball
volleyball,hocky ball,peach
blueberry,lemon,watermelon
super ball,blueberry,cantaloupe
MacIntosh apple,marble,squash ball
rubber ball,softball,billiard ball
walnut,brussel sprout,wiffle ball
Granny Smith apple,medicine ball,pea
crab apple,bowling ball,lemon
crab apple,kiwi,pea
onion,hocky ball,beach ball
lime,pumpkin,pingpong ball
tomato,beach ball,watermelon
clementine,Granny Smith apple,squash ball
bowling ball,pumpkin,basketball
nectarine,yoga ball,grape
tomato,lemon,MacIntosh apple
MacIntosh apple,beach ball,golfball
grape,cherry,plum
cherry,cantaloupe,softball
rubber ball,billiard ball,plum
grape,lime,bowling ball
walnut,volleyball,tomato
kiwi,marble,Granny Smith apple
pumpkin,pingpong ball,brussel sprout
orange,crab apple,billiard ball
cantaloupe,pumpkin,olive
soccer ball,beach ball,plum
pea,lemon,golfball
squash ball,Granny Smith apple,tomato
orange,tennis ball,yoga ball
hocky ball,radish,pingpong ball
pea,MacIntosh apple,basketball
globe,nectarine,radish
beach ball,tomato,cantaloupe
nectarine,globe,marble
rubber ball,Granny Smith apple,hocky ball
volleyball,tennis ball,grape
cherry,lemon,grapefruit
tomato,lemon,globe
crab apple,basketball,brussel sprout
medicine ball,onion,wiffle ball
clementine,wiffle ball,yoga ball
medicine ball,MacIntosh apple,tennis ball
tomato,billiard ball,crab apple
orange,watermelon,plum
radish,rubber ball,kiwi
globe,billiard ball,soccer ball
baseball,billiard ball,cherry
nectarine,cantaloupe,globe
bowling ball,hocky ball,plum
radish,olive,plum
peach,marble,crab apple
wiffle ball,MacIntosh apple,grapefruit
rubber ball,golfball,globe
kiwi,plum,billiard ball
medicine ball,orange,yoga ball
radish,bowling ball,baseball
golfball,walnut,kiwi
golfball,clementine,marble
plum,softball,basketball
bowling ball,kiwi,nectarine
basketball,pingpong ball,wiffle ball
volleyball,tennis ball,Granny Smith apple
super ball,croquet ball,hocky ball
kiwi,plum,lime
crab apple,wiffle ball,blueberry
billiard ball,beach ball,cantaloupe
croquet ball,medicine ball,tennis ball
orange,clementine,soccer ball
croquet ball,grape,squash ball
lime,radish,wiffle ball
lemon,marble,beach ball
globe,Granny Smith apple,beach ball
medicine ball,lemon,blueberry
rubber ball,bowling ball,peach
marble,croquet ball,hocky ball
softball,beach ball,plum
baseball,lemon,beach ball
peach,hocky ball,wiffle ball
nectarine,lime,globe
walnut,grapefruit,watermelon
croquet ball,softball,globe
softball,clementine,tomato
super ball,blueberry,peach
grape,wiffle ball,plum
MacIntosh apple,volleyball,cherry
lime,brussel sprout,pumpkin
grape,grapefruit,rubber ball
baseball,radish,billiard ball
brussel sprout,bowling ball,peach
baseball,croquet ball,radish
cherry,grape,croquet ball
Granny Smith apple,basketball,grape
tomato,orange,hocky ball
globe,blueberry,bowling ball
tomato,squash ball,onion
onion,kiwi,brussel sprout
clementine,medicine ball,golfball
cherry,MacIntosh apple,nectarine
hocky ball,crab apple,plum
cantaloupe,hocky ball,nectarine
beach ball,grapefruit,lime
lime,billiard ball,kiwi
grape,lemon,watermelon
olive,lime,lemon
lime,super ball,billiard ball
tennis ball,walnut,MacIntosh apple
tennis ball,pumpkin,golfball
onion,marble,lime
croquet ball,pea,clementine
blueberry,clementine,yoga ball
crab apple,walnut,rubber ball
grape,brussel sprout,golfball
croquet ball,beach ball,olive
billiard ball,MacIntosh apple,beach ball
blueberry,lime,marble
brussel sprout,yoga ball,rubber ball
clementine,baseball,globe
lime,yoga ball,soccer ball
orange,tomato,pumpkin
globe,basketball,radish
kiwi,crab apple,globe
Granny Smith apple,cantaloupe,peach
radish,cantaloupe,super ball
volleyball,watermelon,peach
basketball,plum,super ball
olive,radish,pingpong ball
tennis ball,rubber ball,clementine
pingpong ball,soccer ball,hocky ball
medicine ball,rubber ball,Granny Smith apple
lemon,plum,marble
golfball,nectarine,clementine
plum,orange,cantaloupe
lime,plum,grapefruit
olive,volleyball,tennis ball
pea,watermelon,bowling ball
volleyball,medicine ball,wiffle ball
medicine ball,plum,croquet ball
yoga ball,grapefruit,blueberry
kiwi,super ball,onion
bowling ball,hocky ball,Granny Smith apple
walnut,pumpkin,clementine
pea,olive,crab apple
hocky ball,super ball,rubber ball
golfball,radish,blueberry
billiard ball,medicine ball,grapefruit
watermelon,crab apple,medicine ball
walnut,pea,plum
soccer ball,globe,cantaloupe
walnut,lime,clementine
nectarine,grape,wiffle ball
Granny Smith apple,blueberry,lime
billiard ball,squash ball,beach ball
bowling ball,brussel sprout,MacIntosh apple
billiard ball,lemon,hocky ball
walnut,billiard ball,Granny Smith apple
grapefruit,cherry,watermelon
grape,super ball,squash ball
MacIntosh apple,yoga ball,globe
beach ball,crab apple,blueberry
blueberry,cherry,yoga ball
billiard ball,onion,croquet ball
grape,lime,pingpong ball
kiwi,volleyball,globe
rubber ball,cantaloupe,yoga ball
watermelon,lemon,cherry
pea,yoga ball,croquet ball
walnut,billiard ball,plum
croquet ball,brussel sprout,lemon
squash ball,orange,wiffle ball
peach,nectarine,lime
crab apple,kiwi,tomato
kiwi,bowling ball,beach ball
grapefruit,globe,onion
lemon,squash ball,marble
cherry,soccer ball,baseball
clementine,pingpong ball,bowling ball
cantaloupe,orange,brussel sprout
soccer ball,baseball,MacIntosh apple
nectarine,yoga ball,watermelon
brussel sprout,bowling ball,nectarine
tennis ball,pingpong ball,nectarine
beach ball,pingpong ball,cherry
billiard ball,golfball,rubber ball
lime,wiffle ball,basketball
golfball,olive,peach
marble,medicine ball,baseball
lemon,hocky ball,pumpkin
cherry,lime,orange
soccer ball,orange,olive
orange,pea,nectarine
tennis ball,cantaloupe,softball
clementine,volleyball,radish
lemon,softball,cantaloupe
marble,cherry,grape
wiffle ball,grapefruit,soccer ball
globe,nectarine,super ball
beach ball,billiard ball,soccer ball
blueberry,yoga ball,wiffle ball
MacIntosh apple,tennis ball,cantaloupe
tennis ball,globe,clementine
radish,softball,croquet ball
hocky ball,orange,marble
clementine,super ball,crab apple
onion,orange,rubber ball
onion,cantaloupe,softball
lime,radish,pumpkin
tennis ball,pea,pumpkin
hocky ball,volleyball,orange
crab apple,onion,croquet ball
onion,beach ball,pumpkin
medicine ball,crab apple,pea
marble,plum,pea
baseball,grapefruit,cherry
orange,volleyball,croquet ball
globe,brussel sprout,crab apple
softball,crab apple,lemon
grapefruit,volleyball,kiwi
baseball,bowling ball,blueberry
golfball,medicine ball,radish
nectarine,globe,lemon
billiard ball,rubber ball,grapefruit
basketball,grapefruit,bowling ball
plum,Granny Smith apple,yoga ball
pumpkin,baseball,onion
softball,yoga ball,bowling ball
MacIntosh apple,billiard ball,cherry
watermelon,medicine ball,onion
lime,cantaloupe,grapefruit
Granny Smith apple,blueberry,olive
cherry,softball,blueberry
super ball,billiard ball,rubber ball
pea,beach ball,marble
globe,brussel sprout,cantaloupe
tomato,basketball,marble
rubber ball,Granny Smith apple,pea
crab apple,baseball,nectarine
rubber ball,softball,hocky ball
pumpkin,tomato,super ball
croquet ball,volleyball,blueberry
pumpkin,softball,golfball
pumpkin,hocky ball,brussel sprout
peach,pea,nectarine
softball,plum,rubber ball
cantaloupe,softball,bowling ball
marble,watermelon,globe
rubber ball,medicine ball,yoga ball
globe,marble,blueberry
brussel sprout,cantaloupe,baseball
pingpong ball,croquet ball,nectarine
hocky ball,watermelon,volleyball
cantaloupe,radish,lemon
billiard ball,lime,croquet ball
cherry,marble,croquet ball
super ball,marble,clementine
baseball,orange,crab apple
lime,rubber ball,super ball
softball,marble,pingpong ball
softball,globe,super ball
billiard ball,golfball,nectarine
pea,rubber ball,baseball
watermelon,onion,pea
pea,peach,yoga ball
radish,marble,bowling ball
radish,brussel sprout,pea
pumpkin,watermelon,globe
softball,medicine ball,super ball
grape,lemon,clementine
brussel sprout,blueberry,bowling ball
grapefruit,rubber ball,volleyball
yoga ball,brussel sprout,peach
crab apple,cherry,rubber ball
walnut,rubber ball,olive
pea,medicine ball,globe
beach ball,squash ball,lime
clementine,plum,crab apple
cantaloupe,watermelon,pea
rubber ball,MacIntosh apple,baseball
walnut,basketball,kiwi
squash ball,orange,yoga ball
marble,lime,walnut
pumpkin,orange,softball
brussel sprout,lime,clementine
lemon,basketball,grape
baseball,Granny Smith apple,brussel sprout
MacIntosh apple,bowling ball,Granny Smith apple
blueberry,nectarine,basketball
wiffle ball,pumpkin,rubber ball
baseball,billiard ball,kiwi
orange,peach,croquet ball
clementine,basketball,billiard ball
orange,pumpkin,super ball
globe,golfball,cantaloupe
orange,pumpkin,yoga ball
globe,crab apple,grapefruit
marble,olive,soccer ball
softball,brussel sprout,grapefruit
volleyball,Granny Smith apple,baseball
rubber ball,orange,radish
grape,orange,grapefruit
tomato,globe,soccer ball
peach,squash ball,cantaloupe
walnut,grape,baseball
cherry,peach,olive
brussel sprout,soccer ball,softball
onion,peach,grape
plum,walnut,basketball
globe,yoga ball,cherry
lime,wiffle ball,croquet ball
plum,lime,Granny Smith apple
grape,tennis ball,onion
croquet ball,basketball,MacIntosh apple
kiwi,baseball,plum
pingpong ball,kiwi,radish
nectarine,crab apple,onion
radish,tomato,hocky ball
lime,onion,globe
radish,pingpong ball,medicine ball
billiard ball,wiffle ball,volleyball
MacIntosh apple,medicine ball,lemon
medicine ball,onion,yoga ball
olive,billiard ball,watermelon
squash ball,onion,beach ball
kiwi,billiard ball,Granny Smith apple
beach ball,lemon,crab apple
billiard ball,wiffle ball,walnut
blueberry,pea,crab apple
pea,bowling ball,tennis ball
squash ball,nectarine,soccer ball
MacIntosh apple,pumpkin,tennis ball
clementine,billiard ball,grape
baseball,lime,soccer ball
Granny Smith apple,basketball,baseball
brussel sprout,tennis ball,softball
squash ball,peach,kiwi
golfball,orange,Granny Smith apple
soccer ball,billiard ball,lime
grape,olive,tomato
wiffle ball,volleyball,blueberry
super ball,yoga ball,basketball
tomato,radish,pumpkin
orange,medicine ball,pumpkin
pingpong ball,croquet ball,peach
tennis ball,pumpkin,peach
volleyball,basketball,globe
medicine ball,grapefruit,cantaloupe
wiffle ball,orange,tennis ball
cherry,marble,orange
crab apple,grapefruit,brussel sprout
pea,basketball,globe
medicine ball,pea,clementine
golfball,lime,nectarine
pingpong ball,lemon,cantaloupe
grape,yoga ball,beach ball
pea,super ball,grape
grapefruit,golfball,rubber ball
croquet ball,cantaloupe,volleyball
rubber ball,cherry,basketball
cantaloupe,plum,croquet ball
radish,pea,lime
soccer ball,globe,softball
billiard ball,volleyball,super ball
kiwi,squash ball,cherry
hocky ball,rubber ball,MacIntosh apple
lemon,grapefruit,soccer ball
Granny Smith apple,MacIntosh apple,nectarine
wiffle ball,grape,pea
globe,golfball,olive
plum,radish,orange
grape,rubber ball,lemon
bowling ball,tomato,marble
kiwi,Granny Smith apple,hocky ball
radish,tennis ball,blueberry
volleyball,brussel sprout,basketball
soccer ball,lime,tomato
plum,brussel sprout,clementine
pea,nectarine,MacIntosh apple
rubber ball,lemon,blueberry
cherry,tennis ball,cantaloupe
radish,tomato,clementine
hocky ball,rubber ball,blueberry
yoga ball,grapefruit,croquet ball
globe,cherry,radish
plum,olive,nectarine
lemon,super ball,lime
volleyball,golfball,softball
cantaloupe,MacIntosh apple,softball
nectarine,globe,medicine ball
kiwi,MacIntosh apple,plum
MacIntosh apple,soccer ball,grape
beach ball,radish,walnut
lemon,pumpkin,globe
plum,lime,onion
pea,bowling ball,cherry
marble,radish,pingpong ball
medicine ball,wiffle ball,grape
squash ball,lime,MacIntosh apple
clementine,kiwi,billiard ball
grapefruit,clementine,brussel sprout
walnut,onion,nectarine
marble,cantaloupe,squash ball
peach,cherry,hocky ball
basketball,Granny Smith apple,beach ball
pumpkin,brussel sprout,plum
tomato,tennis ball,pingpong ball
cantaloupe,olive,peach
billiard ball,hocky ball,pea
pea,orange,lime
tennis ball,pumpkin,softball
plum,blueberry,peach
basketball,crab apple,cantaloupe
squash ball,pumpkin,cherry
MacIntosh apple,olive,nectarine
grapefruit,squash ball,MacIntosh apple
blueberry,pea,croquet ball
tomato,cherry,watermelon
medicine ball,blueberry,yoga ball
Granny Smith apple,peach,golfball
grapefruit,wiffle ball,kiwi
tomato,squash ball,lime
peach,Granny Smith apple,pea
pumpkin,billiard ball,brussel sprout
grapefruit,tomato,marble
orange,onion,blueberry
orange,pea,olive
squash ball,crab apple,Granny Smith apple
cantaloupe,softball,blueberry
blueberry,walnut,watermelon
golfball,plum,nectarine
medicine ball,softball,tennis ball
globe,nectarine,brussel sprout
grapefruit,olive,croquet ball
Granny Smith apple,beach ball,super ball
yoga ball,blueberry,volleyball
wiffle ball,marble,baseball
cantaloupe,watermelon,medicine ball
nectarine,beach ball,grapefruit
grape,Granny Smith apple,medicine ball
walnut,tennis ball,watermelon
olive,grapefruit,onion
golfball,wiffle ball,rubber ball
croquet ball,pea,volleyball
orange,hocky ball,cantaloupe
softball,kiwi,rubber ball
squash ball,basketball,pumpkin
cantaloupe,basketball,billiard ball
watermelon,Granny Smith apple,volleyball
pea,hocky ball,bowling ball
rubber ball,Granny Smith apple,baseball
soccer ball,cherry,marble
beach ball,lime,walnut
olive,lemon,billiard ball
yoga ball,marble,rubber ball
pumpkin,lemon,blueberry
olive,medicine ball,lime
walnut,MacIntosh apple,nectarine
peach,super ball,hocky ball
crab apple,clementine,MacIntosh apple
bowling ball,basketball,croquet ball
squash ball,MacIntosh apple,basketball
onion,cherry,Granny Smith apple
baseball,beach ball,lime
walnut,pumpkin,volleyball
grapefruit,plum,soccer ball
peach,globe,basketball
walnut,tomato,Granny Smith apple
medicine ball,blueberry,brussel sprout
olive,super ball,baseball
marble,nectarine,peach
basketball,onion,blueberry
brussel sprout,marble,billiard ball
kiwi,wiffle ball,softball
bowling ball,peach,croquet ball
pingpong ball,globe,peach
tennis ball,grape,pea
yoga ball,blueberry,pea
cherry,tennis ball,croquet ball
volleyball,golfball,basketball
medicine ball,croquet ball,orange
clementine,peach,tomato
onion,walnut,pingpong ball
basketball,golfball,beach ball
grapefruit,MacIntosh apple,tomato
cherry,billiard ball,crab apple
kiwi,soccer ball,blueberry
lemon,nectarine,crab apple
radish,rubber ball,basketball
pumpkin,rubber ball,billiard ball
kiwi,walnut,peach
peach,MacIntosh apple,radish
lemon,nectarine,baseball
pea,pingpong ball,wiffle ball
globe,tennis ball,squash ball
MacIntosh apple,softball,squash ball
lime,beach ball,hocky ball
pea,orange,plum
billiard ball,hocky ball,bowling ball
radish,grapefruit,walnut
pumpkin,plum,nectarine
basketball,nectarine,super ball
MacIntosh apple,volleyball,onion
orange,billiard ball,globe
tomato,cantaloupe,onion
MacIntosh apple,clementine,radish
volleyball,super ball,tomato
volleyball,squash ball,pumpkin
softball,baseball,globe
volleyball,pea,olive
MacIntosh apple,baseball,volleyball
soccer ball,grapefruit,lime
soccer ball,super ball,onion
lemon,yoga ball,tennis ball
radish,brussel sprout,nectarine
radish,medicine ball,pumpkin
softball,billiard ball,onion
volleyball,super ball,cantaloupe
croquet ball,globe,cherry
bowling ball,super ball,pea
globe,soccer ball,pumpkin
cherry,bowling ball,yoga ball
volleyball,wiffle ball,lime
walnut,lemon,crab apple
grape,golfball,radish
volleyball,blueberry,rubber ball
croquet ball,lime,rubber ball
walnut,wiffle ball,basketball
medicine ball,super ball,bowling ball
pumpkin,soccer ball,wiffle ball
kiwi,yoga ball,globe
billiard ball,beach ball,pea
wiffle ball,grapefruit,lime
hocky ball,bowling ball,grapefruit
Granny Smith apple,olive,onion
Granny Smith apple,golfball,basketball
MacIntosh apple,kiwi,cherry
nectarine,golfball,yoga ball
softball,MacIntosh apple,volleyball
pumpkin,croquet ball,beach ball
soccer ball,pumpkin,beach ball
pumpkin,MacIntosh apple,lime
watermelon,soccer ball,grape
super ball,marble,plum
clementine,softball,onion
medicine ball,cantaloupe,croquet ball
MacIntosh apple,blueberry,tomato
blueberry,marble,wiffle ball
tomato,volleyball,yoga ball
onion,orange,grape
baseball,peach,walnut
marble,squash ball,plum
globe,peach,lemon
orange,billiard ball,volleyball
squash ball,olive,cherry
squash ball,grapefruit,basketball
radish,marble,tomato
radish,bowling ball,pumpkin
cherry,super ball,wiffle ball
hocky ball,radish,pea
grape,billiard ball,tennis ball
croquet ball,brussel sprout,Granny Smith apple
brussel sprout,wiffle ball,blueberry
beach ball,radish,pea
soccer ball,pumpkin,medicine ball
pea,nectarine,brussel sprout
lime,croquet ball,cantaloupe
pingpong ball,billiard ball,lime
brussel sprout,hocky ball,tennis ball
brussel sprout,rubber ball,lime
tennis ball,grapefruit,walnut
wiffle ball,olive,tennis ball
tomato,bowling ball,blueberry
pingpong ball,basketball,billiard ball
wiffle ball,clementine,hocky ball
clementine,orange,kiwi
brussel sprout,bowling ball,cantaloupe
tennis ball,beach ball,brussel sprout
tomato,grape,basketball
blueberry,lemon,croquet ball
lemon,blueberry,tomato
medicine ball,crab apple,croquet ball
bowling ball,super ball,pingpong ball
basketball,plum,lime
grapefruit,Granny Smith apple,volleyball
softball,lemon,tomato
cherry,billiard ball,super ball
blueberry,golfball,cantaloupe
orange,squash ball,peach
tomato,squash ball,lemon
grapefruit,croquet ball,super ball
clementine,soccer ball,kiwi
softball,marble,radish
tomato,tennis ball,baseball
beach ball,bowling ball,hocky ball
grape,basketball,olive
cantaloupe,medicine ball,wiffle ball
tomato,crab apple,wiffle ball
billiard ball,softball,MacIntosh apple
lime,soccer ball,pea
brussel sprout,grape,squash ball
softball,grapefruit,golfball
nectarine,bowling ball,basketball
clementine,wiffle ball,super ball
rubber ball,marble,olive
grape,tennis ball,bowling ball
pea,orange,crab apple
basketball,bowling ball,radish
clementine,cantaloupe,pingpong ball
bowling ball,medicine ball,grapefruit
squash ball,brussel sprout,baseball
globe,radish,peach
pea,medicine ball,volleyball
baseball,MacIntosh apple,marble
crab apple,peach,cantaloupe
beach ball,blueberry,pumpkin
rubber ball,baseball,cantaloupe
crab apple,pingpong ball,golfball
kiwi,radish,squash ball
blueberry,radish,grapefruit
cantaloupe,marble,plum
plum,olive,softball
orange,grapefruit,olive
pumpkin,grapefruit,globe
hocky ball,medicine ball,grape
pingpong ball,cantaloupe,hocky ball
cherry,golfball,bowling ball
lime,walnut,blueberry
tennis ball,brussel sprout,blueberry
cantaloupe,billiard ball,watermelon
bowling ball,onion,hocky ball
medicine ball,pumpkin,volleyball
marble,softball,lemon
lemon,soccer ball,plum
watermelon,radish,orange
marble,cantaloupe,lemon
rubber ball,bowling ball,pumpkin
orange,olive,nectarine
grapefruit,softball,beach ball
Granny Smith apple,crab apple,tomato
nectarine,orange,rubber ball
pea,cherry,cantaloupe
radish,super ball,hocky ball
crab apple,wiffle ball,tennis ball
tomato,soccer ball,yoga ball
plum,orange,medicine ball
brussel sprout,billiard ball,bowling ball
olive,clementine,onion
cantaloupe,pingpong ball,watermelon
Granny Smith apple,pingpong ball,crab apple
plum,nectarine,radish
pea,grape,lime
walnut,rubber ball,softball
plum,basketball,onion
brussel sprout,tomato,softball
tennis ball,blueberry,beach ball
marble,golfball,nectarine
volleyball,pingpong ball,basketball
cantaloupe,kiwi,golfball
billiard ball,super ball,tomato
tomato,rubber ball,grapefruit
cantaloupe,cherry,olive
golfball,brussel sprout,medicine ball
MacIntosh apple,golfball,radish
kiwi,clementine,cherry
pea,croquet ball,globe
soccer ball,cantaloupe,bowling ball
rubber ball,baseball,plum
plum,medicine ball,bowling ball
golfball,tennis ball,pea
radish,basketball,walnut
baseball,crab apple,tomato
squash ball,marble,beach ball
baseball,nectarine,wiffle ball
soccer ball,marble,lime
nectarine,bowling ball,crab apple
pea,radish,walnut
blueberry,pea,olive
grape,peach,brussel sprout
clementine,squash ball,crab apple
baseball,pingpong ball,globe
bowling ball,brussel sprout,pumpkin
medicine ball,blueberry,cherry
pea,Granny Smith apple,olive
onion,MacIntosh apple,orange
clementine,beach ball,nectarine
pingpong ball,Granny Smith apple,cherry
beach ball,soccer ball,clementine
globe,yoga ball,volleyball
orange,Granny Smith apple,olive
olive,lime,croquet ball
super ball,plum,globe
Granny Smith apple,onion,walnut
grape,tomato,radish
watermelon,cantaloupe,squash ball
hocky ball,kiwi,tomato
crab apple,MacIntosh apple,kiwi
orange,tennis ball,peach
globe,clementine,grape
peach,grape,nectarine
peach,super ball,yoga ball
baseball,blueberry,wiffle ball
pumpkin,baseball,tennis ball
brussel sprout,marble,plum
tennis ball,hocky ball,crab apple
basketball,Granny Smith apple,bowling ball
tomato,medicine ball,brussel sprout
bowling ball,kiwi,cantaloupe
yoga ball,tennis ball,crab apple
plum,brussel sprout,billiard ball
cantaloupe,bowling ball,super ball
olive,lemon,tomato
croquet ball,cherry,plum
plum,grape,blueberry
rubber ball,volleyball,billiard ball
basketball,tomato,golfball
pea,cantaloupe,beach ball
yoga ball,clementine,onion
kiwi,globe,baseball
Granny Smith apple,watermelon,brussel sprout
squash ball,MacIntosh apple,pingpong ball
globe,peach,billiard ball
lime,cherry,wiffle ball
basketball,croquet ball,yoga ball
peach,beach ball,walnut
olive,lemon,tennis ball
medicine ball,tennis ball,pingpong ball
bowling ball,Granny Smith apple,nectarine
MacIntosh apple,plum,cherry
rubber ball,soccer ball,wiffle ball
soccer ball,plum,watermelon
wiffle ball,Granny Smith apple,bowling ball
yoga ball,cherry,grapefruit
onion,peach,cherry
olive,onion,billiard ball
orange,kiwi,watermelon
pea,orange,pumpkin
yoga ball,wiffle ball,hocky ball
hocky ball,pingpong ball,cherry
cantaloupe,cherry,beach ball
walnut,bowling ball,tennis ball
softball,squash ball,super ball
cherry,super ball,rubber ball
lime,croquet ball,hocky ball
nectarine,super ball,tennis ball
bowling ball,tomato,billiard ball
baseball,orange,medicine ball
yoga ball,orange,volleyball
softball,lemon,wiffle ball
softball,soccer ball,tennis ball
super ball,onion,squash ball
radish,pingpong ball,MacIntosh apple
volleyball,cherry,globe
globe,lemon,lime
lime,pumpkin,grape
hocky ball,cantaloupe,onion
marble,lime,golfball
lime,lemon,yoga ball
softball,kiwi,watermelon
rubber ball,pingpong ball,cantaloupe
peach,medicine ball,squash ball
orange,rubber ball,cherry
medicine ball,golfball,MacIntosh apple
beach ball,crab apple,orange
volleyball,crab apple,medicine ball
beach ball,baseball,marble
basketball,grapefruit,soccer ball
wiffle ball,watermelon,croquet ball
lemon,tennis ball,blueberry
orange,pea,marble
walnut,peach,golfball
onion,tomato,plum
billiard ball,orange,bowling ball
beach ball,radish,tennis ball
MacIntosh apple,brussel sprout,croquet ball
crab apple,walnut,billiard ball
tennis ball,softball,bowling ball
hocky ball,cherry,lemon
grape,volleyball,yoga ball
tennis ball,watermelon,kiwi
globe,rubber ball,orange
plum,golfball,rubber ball
lemon,MacIntosh apple,soccer ball
cantaloupe,cherry,medicine ball
kiwi,medicine ball,pea
baseball,lime,orange
wiffle ball,MacIntosh apple,super ball
baseball,plum,medicine ball
lime,radish,grape
golfball,peach,medicine ball
cantaloupe,clementine,baseball
pumpkin,volleyball,globe
orange,nectarine,medicine ball
lemon,hocky ball,walnut
kiwi,onion,blueberry
kiwi,tomato,MacIntosh apple
Granny Smith apple,volleyball,cherry
clementine,soccer ball,volleyball
lemon,cantaloupe,billiard ball
cherry,tomato,walnut
grapefruit,brussel sprout,nectarine
crab apple,medicine ball,Granny Smith apple
baseball,wiffle ball,walnut
golfball,yoga ball,cantaloupe
clementine,peach,olive
crab apple,softball,marble
onion,MacIntosh apple,globe
volleyball,MacIntosh apple,blueberry
tennis ball,globe,MacIntosh apple
olive,lime,orange
pingpong ball,softball,golfball
softball,medicine ball,olive
super ball,golfball,cantaloupe
cantaloupe,marble,soccer ball
Granny Smith apple,billiard ball,super ball
tomato,nectarine,brussel sprout
billiard ball,brussel sprout,MacIntosh apple
crab apple,blueberry,tennis ball
volleyball,hocky ball,super ball
watermelon,walnut,squash ball
lime,peach,Granny Smith apple
nectarine,soccer ball,billiard ball
blueberry,kiwi,radish
olive,croquet ball,soccer ball
peach,bowling ball,kiwi
marble,pea,clementine
blueberry,crab apple,MacIntosh apple
marble,soccer ball,kiwi
blueberry,walnut,onion
grapefruit,pumpkin,hocky ball
yoga ball,orange,lemon
billiard ball,squash ball,lime
beach ball,pingpong ball,lime
tomato,pumpkin,brussel sprout
rubber ball,plum,blueberry
soccer ball,baseball,Granny Smith apple
squash ball,cherry,softball
medicine ball,golfball,croquet ball
billiard ball,globe,cantaloupe
grape,wiffle ball,watermelon
blueberry,beach ball,hocky ball
watermelon,grapefruit,golfball
softball,globe,pumpkin
orange,bowling ball,medicine ball
olive,croquet ball,nectarine
blueberry,rubber ball,pumpkin
volleyball,beach ball,pingpong ball
squash ball,nectarine,bowling ball
Granny Smith apple,walnut,clementine
beach ball,cantaloupe,hocky ball
cantaloupe,brussel sprout,Granny Smith apple
rubber ball,pea,brussel sprout
peach,croquet ball,hocky ball
baseball,walnut,tomato
blueberry,pingpong ball,cantaloupe
crab apple,radish,lime
rubber ball,olive,pingpong ball
tomato,clementine,tennis ball
walnut,beach ball,baseball
walnut,blueberry,brussel sprout
billiard ball,crab apple,croquet ball
softball,basketball,cherry
grape,rubber ball,radish
volleyball,squash ball,walnut
cherry,MacIntosh apple,pingpong ball
walnut,nectarine,brussel sprout
plum,bowling ball,grape
wiffle ball,plum,croquet ball
yoga ball,volleyball,watermelon
kiwi,cherry,soccer ball
rubber ball,hocky ball,walnut
pingpong ball,blueberry,soccer ball
squash ball,wiffle ball,golfball
billiard ball,croquet ball,pea
grapefruit,basketball,nectarine
softball,croquet ball,beach ball
wiffle ball,watermelon,walnut
cantaloupe,brussel sprout,volleyball
lemon,pea,tomato
pumpkin,orange,walnut
marble,volleyball,cherry
yoga ball,watermelon,clementine
squash ball,radish,cantaloupe
cantaloupe,peach,volleyball
squash ball,grapefruit,hocky ball
softball,basketball,grape
olive,MacIntosh apple,softball
squash ball,beach ball,MacIntosh apple
softball,bowling ball,peach
beach ball,walnut,medicine ball
blueberry,super ball,walnut
rubber ball,croquet ball,tennis ball
brussel sprout,kiwi,grape
crab apple,basketball,watermelon
pingpong ball,nectarine,medicine ball
brussel sprout,softball,Granny Smith apple
croquet ball,crab apple,MacIntosh apple
grapefruit,MacIntosh apple,super ball
squash ball,basketball,clementine
golfball,tennis ball,volleyball
watermelon,cherry,lime
olive,marble,Granny Smith apple
grape,super ball,croquet ball
marble,basketball,baseball
golfball,grape,pingpong ball
plum,pea,volleyball
pumpkin,walnut,super ball
golfball,basketball,tennis ball
super ball,pumpkin,softball
medicine ball,kiwi,orange
billiard ball,clementine,orange
croquet ball,kiwi,peach
super ball,nectarine,kiwi
orange,onion,medicine ball
peach,squash ball,tennis ball
softball,grapefruit,olive
super ball,tennis ball,pea
tomato,billiard ball,volleyball
plum,hocky ball,squash ball
rubber ball,softball,soccer ball
cherry,crab apple,basketball
bowling ball,peach,hocky ball
softball,basketball,peach
beach ball,cherry,bowling ball
hocky ball,onion,softball
lime,croquet ball,radish
grape,watermelon,cherry
volleyball,radish,super ball
walnut,tomato,lemon
orange,plum,basketball
grapefruit,globe,bowling ball
globe,kiwi,watermelon
MacIntosh apple,yoga ball,beach ball
baseball,peach,cherry
clementine,crab apple,pea
pingpong ball,wiffle ball,yoga ball
Granny Smith apple,orange,cherry
kiwi,onion,peach
radish,squash ball,basketball
beach ball,crab apple,MacIntosh apple
soccer ball,tennis ball,orange
billiard ball,baseball,clementine
wiffle ball,watermelon,orange
grapefruit,cantaloupe,brussel sprout
brussel sprout,medicine ball,crab apple
MacIntosh apple,beach ball,pingpong ball
grape,globe,pea
blueberry,croquet ball,watermelon
yoga ball,radish,lime
tennis ball,rubber ball,lime
clementine,grapefruit,beach ball
lime,cantaloupe,peach
walnut,lemon,clementine
pumpkin,medicine ball,baseball
yoga ball,grape,croquet ball
kiwi,wiffle ball,hocky ball
pea,rubber ball,grape
golfball,globe,pea
Granny Smith apple,tomato,kiwi
soccer ball,marble,orange
grape,baseball,pea
kiwi,super ball,walnut
tomato,soccer ball,volleyball
orange,basketball,grapefruit
volleyball,pumpkin,basketball
pingpong ball,Granny Smith apple,medicine ball
grapefruit,tennis ball,olive
lime,crab apple,watermelon
marble,yoga ball,lime
Granny Smith apple,tennis ball,blueberry
rubber ball,tomato,soccer ball
baseball,onion,brussel sprout
wiffle ball,pea,super ball
medicine ball,brussel sprout,globe
billiard ball,orange,kiwi
soccer ball,onion,clementine
watermelon,Granny Smith apple,crab apple
Granny Smith apple,grapefruit,yoga ball
globe,bowling ball,onion
bowling ball,Granny Smith apple,squash ball
kiwi,tomato,brussel sprout
bowling ball,marble,grapefruit
watermelon,walnut,plum
basketball,rubber ball,soccer ball
crab apple,rubber ball,watermelon
croquet ball,medicine ball,watermelon
soccer ball,medicine ball,plum
billiard ball,bowling ball,baseball
grapefruit,globe,olive
grape,onion,Granny Smith apple
lime,pea,billiard ball
radish,peach,nectarine
medicine ball,blueberry,volleyball
basketball,Granny Smith apple,super ball
super ball,plum,squash ball
lime,bowling ball,squash ball
brussel sprout,super ball,lemon
marble,softball,pea
walnut,yoga ball,volleyball
nectarine,brussel sprout,billiard ball
lemon,watermelon,medicine ball
lime,orange,tomato
crab apple,walnut,wiffle ball
nectarine,squash ball,blueberry
rubber ball,pingpong ball,squash ball
wiffle ball,pea,hocky ball
squash ball,beach ball,softball
pingpong ball,hocky ball,lemon
croquet ball,onion,pingpong ball
billiard ball,basketball,super ball
marble,bowling ball,pingpong ball
pumpkin,golfball,lime
volleyball,softball,bowling ball
nectarine,baseball,hocky ball
Granny Smith apple,medicine ball,orange
tomato,billiard ball,lemon
lemon,MacIntosh apple,softball
volleyball,rubber ball,soccer ball
globe,plum,lemon
grape,volleyball,golfball
cantaloupe,lime,brussel sprout
croquet ball,volleyball,plum
tomato,olive,squash ball
cantaloupe,tennis ball,globe
wiffle ball,peach,lime
volleyball,yoga ball,cantaloupe
pumpkin,cherry,clementine
cherry,golfball,MacIntosh apple
orange,baseball,beach ball
grapefruit,peach,cantaloupe
olive,volleyball,wiffle ball
globe,rubber ball,beach ball
medicine ball,MacIntosh apple,hocky ball
yoga ball,croquet ball,MacIntosh apple
Granny Smith apple,yoga ball,onion
beach ball,rubber ball,crab apple
squash ball,beach ball,cantaloupe
pingpong ball,volleyball,brussel sprout
pea,billiard ball,grapefruit
beach ball,brussel sprout,squash ball
peach,nectarine,bowling ball
soccer ball,pingpong ball,croquet ball
squash ball,pumpkin,super ball
clementine,softball,orange
yoga ball,softball,rubber ball
baseball,Granny Smith apple,pingpong ball
soccer ball,super ball,orange
blueberry,crab apple,watermelon
basketball,walnut,lime
plum,softball,peach
olive,clementine,crab apple
clementine,nectarine,lemon
orange,cantaloupe,golfball
peach,cantaloupe,pingpong ball
Granny Smith apple,blueberry,orange
globe,beach ball,super ball
volleyball,watermelon,cherry
croquet ball,watermelon,radish
orange,globe,plum
pingpong ball,golfball,lemon
croquet ball,watermelon,rubber ball
watermelon,globe,billiard ball
grapefruit,super ball,walnut
lime,beach ball,onion
lemon,croquet ball,rubber ball
cherry,billiard ball,basketball
softball,crab apple,baseball
super ball,cherry,hocky ball
tomato,brussel sprout,walnut
cherry,baseball,crab apple
olive,rubber ball,watermelon
pea,volleyball,hocky ball
brussel sprout,tomato,orange
walnut,orange,tomato
MacIntosh apple,marble,radish
volleyball,baseball,hocky ball
globe,wiffle ball,rubber ball
squash ball,Granny Smith apple,MacIntosh apple
crab apple,clementine,globe
cherry,basketball,kiwi
radish,yoga ball,crab apple
baseball,wiffle ball,golfball
onion,golfball,Granny Smith apple
blueberry,orange,lemon
grape,radish,clementine
yoga ball,soccer ball,kiwi
olive,blueberry,basketball
grapefruit,bowling ball,tennis ball
radish,medicine ball,plum
baseball,billiard ball,softball
grapefruit,marble,blueberry
super ball,peach,beach ball
volleyball,cherry,nectarine
peach,pea,brussel sprout
peach,beach ball,pea
tennis ball,yoga ball,marble
volleyball,clementine,crab apple
cantaloupe,kiwi,olive
walnut,hocky ball,yoga ball
cherry,MacIntosh apple,orange
Granny Smith apple,nectarine,grapefruit
olive,MacIntosh apple,rubber ball
brussel sprout,super ball,pingpong ball
grapefruit,volleyball,radish
marble,Granny Smith apple,soccer ball
soccer ball,Granny Smith apple,peach
pea,Granny Smith apple,golfball
cherry,MacIntosh apple,pea
grapefruit,wiffle ball,softball
marble,lemon,wiffle ball
clementine,yoga ball,medicine ball
cherry,bowling ball,hocky ball
peach,cantaloupe,pea
soccer ball,basketball,yoga ball
grapefruit,cantaloupe,pea
kiwi,rubber ball,lemon
peach,plum,clementine
squash ball,Granny Smith apple,olive
MacIntosh apple,radish,cantaloupe
super ball,brussel sprout,soccer ball
plum,tennis ball,nectarine
super ball,crab apple,nectarine
walnut,pingpong ball,tomato
croquet ball,baseball,grape
yoga ball,baseball,golfball
lime,rubber ball,plum
cherry,super ball,lime
tomato,Granny Smith apple,super ball
nectarine,basketball,pumpkin
onion,super ball,grapefruit
croquet ball,Granny Smith apple,clementine
plum,orange,tomato
softball,cantaloupe,basketball
MacIntosh apple,pumpkin,wiffle ball
globe,pingpong ball,softball
soccer ball,croquet ball,plum
radish,billiard ball,wiffle ball
cantaloupe,orange,crab apple
globe,medicine ball,crab apple
wiffle ball,watermelon,globe
pingpong ball,orange,brussel sprout
baseball,medicine ball,crab apple
olive,crab apple,grapefruit
medicine ball,super ball,grape
bowling ball,squash ball,baseball
globe,bowling ball,croquet ball
blueberry,basketball,grape
golfball,pea,croquet ball
olive,squash ball,globe
squash ball,watermelon,plum
super ball,olive,hocky ball
golfball,medicine ball,nectarine
beach ball,cherry,pea
medicine ball,yoga ball,marble
lemon,radish,yoga ball
lime,MacIntosh apple,kiwi
orange,tennis ball,blueberry
orange,pumpkin,golfball
brussel sprout,tomato,bowling ball
crab apple,medicine ball,pingpong ball
walnut,orange,hocky ball
globe,brussel sprout,soccer ball
lemon,pea,softball
walnut,wiffle ball,bowling ball
orange,radish,lime
tennis ball,crab apple,walnut
hocky ball,volleyball,kiwi
brussel sprout,softball,onion
olive,medicine ball,cherry
nectarine,radish,orange
Granny Smith apple,crab apple,hocky ball
rubber ball,lime,olive
cherry,blueberry,brussel sprout
MacIntosh apple,wiffle ball,billiard ball
wiffle ball,bowling ball,plum
nectarine,clementine,pea
golfball,hocky ball,marble
onion,brussel sprout,bowling ball
radish,super ball,baseball
onion,beach ball,bowling ball
soccer ball,orange,softball
tennis ball,brussel sprout,rubber ball
brussel sprout,plum,nectarine
crab apple,nectarine,grape
medicine ball,lime,soccer ball
cherry,grapefruit,MacIntosh apple
lime,kiwi,clementine
brussel sprout,plum,radish
kiwi,MacIntosh apple,softball
brussel sprout,softball,squash ball
crab apple,orange,grape
cantaloupe,basketball,super ball
medicine ball,crab apple,yoga ball
onion,squash ball,lemon
medicine ball,bowling ball,radish
grapefruit,watermelon,crab apple
olive,MacIntosh apple,volleyball
croquet ball,crab apple,blueberry
golfball,nectarine,basketball
cherry,MacIntosh apple,olive
baseball,hocky ball,brussel sprout
squash ball,rubber ball,medicine ball
kiwi,pingpong ball,orange
lime,medicine ball,radish
pea,basketball,billiard ball
watermelon,pea,super ball
lime,hocky ball,kiwi
super ball,golfball,blueberry
marble,plum,globe
plum,clementine,super ball
yoga ball,lemon,cantaloupe
golfball,bowling ball,croquet ball
pingpong ball,yoga ball,beach ball
baseball,grapefruit,blueberry
clementine,tomato,Granny Smith apple
globe,pingpong ball,grape
onion,brussel sprout,super ball
softball,pumpkin,baseball
clementine,watermelon,super ball
croquet ball,peach,baseball
blueberry,plum,wiffle ball
billiard ball,nectarine,squash ball
bowling ball,crab apple,tomato
crab apple,marble,clementine
volleyball,cantaloupe,kiwi
cherry,onion,super ball
MacIntosh apple,grapefruit,onion
medicine ball,lime,hocky ball
soccer ball,watermelon,onion
yoga ball,cantaloupe,orange
radish,onion,beach ball
plum,beach ball,pingpong ball
clementine,volleyball,lime
tennis ball,pumpkin,orange
super ball,MacIntosh apple,yoga ball
beach ball,super ball,lemon
volleyball,lime,olive
kiwi,cherry,radish
squash ball,super ball,crab apple
globe,marble,rubber ball
pingpong ball,rubber ball,plum
kiwi,wiffle ball,marble
grapefruit,peach,bowling ball
basketball,lemon,onion
walnut,basketball,bowling ball
beach ball,Granny Smith apple,medicine ball
lemon,bowling ball,lime
cantaloupe,clementine,plum
watermelon,croquet ball,kiwi
pumpkin,baseball,rubber ball
onion,croquet ball,marble
onion,nectarine,MacIntosh apple
peach,medicine ball,croquet ball
rubber ball,orange,grape
plum,cherry,hocky ball
kiwi,wiffle ball,Granny Smith apple
lemon,brussel sprout,marble
nectarine,baseball,volleyball
MacIntosh apple,pingpong ball,softball
billiard ball,pingpong ball,pea
rubber ball,onion,yoga ball
lime,MacIntosh apple,rubber ball
Granny Smith apple,plum,hocky ball
bowling ball,medicine ball,marble
globe,billiard ball,volleyball
nectarine,pumpkin,grape
basketball,lime,rubber ball
hocky ball,grape,volleyball
grapefruit,Granny Smith apple,tennis ball
billiard ball,basketball,lemon
pumpkin,squash ball,lime
softball,hocky ball,croquet ball
medicine ball,nectarine,wiffle ball
pingpong ball,basketball,brussel sprout
MacIntosh apple,basketball,grape
watermelon,bowling ball,nectarine
grapefruit,crab apple,billiard ball
pea,pingpong ball,globe
MacIntosh apple,golfball,blueberry
crab apple,kiwi,rubber ball
plum,watermelon,lemon
baseball,rubber ball,onion
grapefruit,blueberry,watermelon
radish,olive,crab apple
basketball,super ball,pea
globe,basketball,baseball
radish,tennis ball,crab apple
tennis ball,tomato,blueberry
super ball,MacIntosh apple,brussel sprout
onion,beach ball,golfball
orange,medicine ball,beach ball
tomato,pingpong ball,volleyball
Granny Smith apple,baseball,cherry
plum,Granny Smith apple,pea
pumpkin,soccer ball,bowling ball
pingpong ball,soccer ball,clementine
medicine ball,peach,bowling ball
walnut,basketball,nectarine
basketball,brussel sprout,MacIntosh apple
cantaloupe,basketball,onion
volleyball,bowling ball,squash ball
tomato,volleyball,marble
olive,pea,beach ball
marble,basketball,billiard ball
pingpong ball,volleyball,Granny Smith apple
yoga ball,bowling ball,walnut
yoga ball,olive,radish
globe,softball,rubber ball
Granny Smith apple,nectarine,clementine
volleyball,marble,lime
pea,baseball,orange
peach,beach ball,tennis ball
hocky ball,volleyball,croquet ball
medicine ball,marble,pea
pumpkin,olive,tennis ball
brussel sprout,pumpkin,beach ball
brussel sprout,yoga ball,kiwi
tennis ball,peach,MacIntosh apple
wiffle ball,Granny Smith apple,golfball
grape,yoga ball,golfball
clementine,kiwi,bowling ball
onion,wiffle ball,orange
cherry,blueberry,plum
radish,pea,pingpong ball
grapefruit,rubber ball,globe
onion,orange,plum
golfball,beach ball,Granny Smith apple
lime,croquet ball,grapefruit
grape,wiffle ball,pingpong ball
yoga ball,plum,pumpkin
baseball,nectarine,kiwi
tennis ball,baseball,Granny Smith apple
grape,lemon,medicine ball
softball,globe,grapefruit
radish,cherry,hocky ball
orange,cherry,tomato
cherry,marble,radish
pea,softball,clementine
Granny Smith apple,hocky ball,tennis ball
grapefruit,basketball,radish
baseball,watermelon,radish
crab apple,cantaloupe,baseball
super ball,softball,hocky ball
golfball,billiard ball,peach
volleyball,croquet ball,MacIntosh apple
croquet ball,marble,lemon
squash ball,hocky ball,lemon
walnut,soccer ball,super ball
blueberry,baseball,cantaloupe
tomato,grape,MacIntosh apple
baseball,pea,watermelon
hocky ball,medicine ball,volleyball
marble,billiard ball,radish
soccer ball,volleyball,plum
olive,orange,pumpkin
baseball,golfball,clementine
golfball,basketball,wiffle ball
pingpong ball,lemon,peach
lime,bowling ball,walnut
walnut,grape,bowling ball
yoga ball,walnut,medicine ball
MacIntosh apple,pingpong ball,pumpkin
Granny Smith apple,watermelon,bowling ball
croquet ball,cantaloupe,basketball
yoga ball,radish,bowling ball
crab apple,olive,MacIntosh apple
baseball,golfball,beach ball
squash ball,tennis ball,marble
wiffle ball,pea,rubber ball
wiffle ball,nectarine,golfball
brussel sprout,kiwi,radish
walnut,basketball,onion
brussel sprout,pea,billiard ball
olive,super ball,orange
tomato,radish,beach ball
marble,kiwi,beach ball
super ball,wiffle ball,grape
wiffle ball,clementine,cherry
MacIntosh apple,nectarine,golfball
walnut,volleyball,nectarine
wiffle ball,watermelon,cherry
soccer ball,hocky ball,blueberry
watermelon,tennis ball,super ball
brussel sprout,soccer ball,rubber ball
globe,tomato,blueberry
super ball,bowling ball,squash ball
soccer ball,super ball,cantaloupe
blueberry,kiwi,clementine
softball,cherry,tomato
plum,olive,wiffle ball
wiffle ball,pingpong ball,bowling ball
plum,cantaloupe,radish
marble,yoga ball,croquet ball
softball,blueberry,radish
medicine ball,olive,tennis ball
kiwi,softball,lime
marble,walnut,radish
medicine ball,cantaloupe,pingpong ball
nectarine,onion,golfball
nectarine,peach,super ball
kiwi,cherry,baseball
pea,globe,lemon
kiwi,squash ball,tennis ball
rubber ball,golfball,lemon
brussel sprout,basketball,soccer ball
medicine ball,bowling ball,kiwi
pea,clementine,orange
softball,walnut,blueberry
super ball,wiffle ball,squash ball
pea,lemon,volleyball
pumpkin,golfball,marble
beach ball,cherry,rubber ball
pumpkin,clementine,basketball
peach,orange,walnut
watermelon,crab apple,MacIntosh apple
walnut,yoga ball,grapefruit
lemon,soccer ball,nectarine
pumpkin,basketball,softball
blueberry,cherry,wiffle ball
pumpkin,lemon,grapefruit
hocky ball,olive,Granny Smith apple
olive,clementine,brussel sprout
crab apple,pingpong ball,peach
brussel sprout,croquet ball,basketball
watermelon,brussel sprout,billiard ball
wiffle ball,bowling ball,rubber ball
plum,walnut,crab apple
softball,plum,lemon
rubber ball,globe,olive
cherry,peach,tomato
lemon,plum,billiard ball
olive,pea,pingpong ball
radish,globe,cantaloupe
radish,softball,grapefruit
globe,blueberry,croquet ball
watermelon,cherry,tennis ball
rubber ball,globe,clementine
pumpkin,globe,MacIntosh apple
watermelon,hocky ball,basketball
cherry,marble,hocky ball
beach ball,kiwi,rubber ball
nectarine,MacIntosh apple,peach
golfball,grapefruit,volleyball
clementine,kiwi,brussel sprout
rubber ball,Granny Smith apple,onion
lime,globe,soccer ball
clementine,volleyball,olive
nectarine,rubber ball,pingpong ball
basketball,lime,peach
clementine,grapefruit,crab apple
marble,onion,lemon
basketball,croquet ball,lemon
grapefruit,orange,super ball
olive,squash ball,pingpong ball
pumpkin,globe,clementine
tennis ball,cherry,lemon
cherry,grape,bowling ball
crab apple,softball,golfball
pumpkin,beach ball,kiwi
yoga ball,cherry,tennis ball
beach ball,nectarine,yoga ball
peach,croquet ball,globe
grapefruit,crab apple,lime
beach ball,clementine,hocky ball
plum,medicine ball,crab apple
pingpong ball,grapefruit,lemon
medicine ball,softball,plum
lime,nectarine,clementine
tomato,brussel sprout,billiard ball
super ball,tennis ball,grapefruit
radish,basketball,onion
squash ball,watermelon,medicine ball
olive,tennis ball,walnut
onion,bowling ball,baseball
lemon,radish,olive
radish,olive,squash ball
olive,radish,baseball
lime,pumpkin,olive
wiffle ball,globe,baseball
lime,grapefruit,baseball
rubber ball,kiwi,orange
pingpong ball,billiard ball,cherry
rubber ball,globe,peach
baseball,marble,soccer ball
onion,grape,cherry
kiwi,lime,beach ball
beach ball,grapefruit,pumpkin
lemon,orange,nectarine
soccer ball,pea,bowling ball
hocky ball,kiwi,brussel sprout
bowling ball,MacIntosh apple,hocky ball
softball,onion,kiwi
watermelon,olive,pea
grape,squash ball,tomato
rubber ball,hocky ball,basketball
soccer ball,clementine,croquet ball
pea,lemon,grape
yoga ball,pumpkin,lime
peach,watermelon,kiwi
olive,walnut,softball
lime,blueberry,pumpkin
onion,tomato,volleyball
baseball,grape,MacIntosh apple
billiard ball,hocky ball,peach
grapefruit,marble,billiard ball
peach,volleyball,Granny Smith apple
walnut,baseball,golfball
bowling ball,MacIntosh apple,plum
pumpkin,billiard ball,grapefruit
billiard ball,medicine ball,hocky ball
squash ball,wiffle ball,medicine ball
kiwi,grapefruit,MacIntosh apple
cantaloupe,plum,peach
volleyball,medicine ball,squash ball
brussel sprout,orange,super ball
cherry,blueberry,orange
super ball,onion,Granny Smith apple
squash ball,rubber ball,baseball
tomato,bowling ball,clementine
kiwi,pea,radish
blueberry,softball,marble
blueberry,lemon,brussel sprout
blueberry,softball,bowling ball
billiard ball,pumpkin,crab apple
tomato,orange,peach
onion,squash ball,grapefruit
lime,baseball,globe
lemon,super ball,tennis ball
plum,baseball,beach ball
MacIntosh apple,wiffle ball,tennis ball
radish,lemon,squash ball
walnut,grapefruit,wiffle ball
billiard ball,rubber ball,soccer ball
medicine ball,radish,softball
orange,wiffle ball,soccer ball
yoga ball,kiwi,Granny Smith apple
squash ball,lemon,MacIntosh apple
kiwi,basketball,clementine
hocky ball,medicine ball,lemon
watermelon,marble,grapefruit
tennis ball,basketball,medicine ball
golfball,radish,lime
bowling ball,radish,clementine
yoga ball,brussel sprout,blueberry
walnut,lime,super ball
rubber ball,super ball,pumpkin
walnut,blueberry,pumpkin
tomato,marble,hocky ball
grape,grapefruit,tomato
pumpkin,beach ball,tomato
lime,super ball,tomato
walnut,MacIntosh apple,volleyball
tomato,watermelon,hocky ball
plum,MacIntosh apple,globe
globe,MacIntosh apple,Granny Smith apple
super ball,pea,radish
lime,MacIntosh apple,clementine
cherry,Granny Smith apple,pea
peach,tennis ball,volleyball
soccer ball,Granny Smith apple,squash ball
Granny Smith apple,croquet ball,peach
billiard ball,pea,yoga ball
baseball,lemon,bowling ball
volleyball,hocky ball,lemon
soccer ball,onion,lemon
MacIntosh apple,medicine ball,pumpkin
kiwi,grape,cherry
cherry,nectarine,super ball
basketball,blueberry,soccer ball
kiwi,rubber ball,cantaloupe
clementine,pea,lime
blueberry,radish,squash ball
globe,onion,baseball
MacIntosh apple,tennis ball,lime
globe,olive,wiffle ball
billiard ball,olive,walnut
globe,golfball,croquet ball
grape,plum,tennis ball
kiwi,lemon,crab apple
beach ball,MacIntosh apple,pumpkin
MacIntosh apple,plum,nectarine
wiffle ball,crab apple,yoga ball
cherry,pingpong ball,soccer ball
cantaloupe,pingpong ball,yoga ball
beach ball,basketball,rubber ball
rubber ball,yoga ball,globe
tennis ball,clementine,baseball
tennis ball,squash ball,cherry
lemon,pingpong ball,olive
bowling ball,medicine ball,brussel sprout
onion,lemon,beach ball
watermelon,softball,super ball
lime,brussel sprout,Granny Smith apple
squash ball,radish,volleyball
yoga ball,super ball,globe
hocky ball,medicine ball,rubber ball
medicine ball,plum,watermelon
radish,crab apple,squash ball
super ball,kiwi,grapefruit
walnut,lemon,pumpkin
cherry,bowling ball,kiwi
baseball,olive,medicine ball
onion,baseball,watermelon
baseball,cantaloupe,wiffle ball
cantaloupe,lime,watermelon
tomato,billiard ball,tennis ball
pumpkin,marble,hocky ball
tennis ball,crab apple,pingpong ball
crab apple,grape,hocky ball
baseball,blueberry,onion
marble,blueberry,tomato
baseball,blueberry,olive
cherry,plum,bowling ball
billiard ball,pingpong ball,olive
blueberry,watermelon,peach
peach,radish,billiard ball
baseball,volleyball,watermelon
marble,wiffle ball,soccer ball
croquet ball,grape,globe
cherry,pumpkin,blueberry
cantaloupe,grapefruit,lemon
softball,wiffle ball,cantaloupe
billiard ball,plum,cherry
billiard ball,pingpong ball,crab apple
orange,hocky ball,tennis ball
peach,rubber ball,yoga ball
peach,rubber ball,cherry
squash ball,olive,beach ball
pumpkin,MacIntosh apple,super ball
orange,squash ball,radish
peach,pea,radish
MacIntosh apple,medicine ball,peach
clementine,yoga ball,kiwi
rubber ball,croquet ball,pea
croquet ball,hocky ball,baseball
grapefruit,Granny Smith apple,watermelon
plum,crab apple,softball
brussel sprout,medicine ball,cantaloupe
basketball,blueberry,tomato
tomato,onion,lemon
brussel sprout,nectarine,Granny Smith apple
yoga ball,kiwi,marble
baseball,tomato,kiwi
brussel sprout,croquet ball,peach
soccer ball,grape,squash ball
peach,cherry,globe
walnut,olive,lime
crab apple,tennis ball,onion
medicine ball,hocky ball,Granny Smith apple
grapefruit,medicine ball,nectarine
Granny Smith apple,MacIntosh apple,blueberry
orange,cherry,billiard ball
super ball,cherry,medicine ball
grapefruit,basketball,tomato
crab apple,grape,soccer ball
globe,cherry,grape
grapefruit,squash ball,volleyball
clementine,pea,blueberry
globe,tomato,pingpong ball
pea,croquet ball,wiffle ball
golfball,croquet ball,hocky ball
watermelon,basketball,grapefruit
blueberry,lemon,Granny Smith apple
brussel sprout,tennis ball,cherry
wiffle ball,walnut,soccer ball
cantaloupe,radish,softball
grape,olive,beach ball
orange,wiffle ball,golfball
softball,yoga ball,basketball
golfball,soccer ball,squash ball
medicine ball,crab apple,olive
soccer ball,brussel sprout,beach ball
grapefruit,croquet ball,plum
wiffle ball,watermelon,pingpong ball
grape,crab apple,pingpong ball
nectarine,softball,radish
pingpong ball,clementine,golfball
Granny Smith apple,tennis ball,bowling ball
golfball,orange,squash ball
clementine,billiard ball,softball
kiwi,watermelon,plum
olive,clementine,globe
bowling ball,radish,softball
tomato,croquet ball,medicine ball
baseball,grapefruit,super ball
basketball,kiwi,onion
walnut,yoga ball,pingpong ball
nectarine,globe,tomato
grapefruit,tomato,tennis ball
pea,medicine ball,squash ball
wiffle ball,volleyball,tennis ball
hocky ball,watermelon,globe
beach ball,hocky ball,pingpong ball
tennis ball,beach ball,globe
squash ball,nectarine,lime
watermelon,basketball,clementine
lemon,grapefruit,yoga ball
globe,pumpkin,squash ball
onion,orange,bowling ball
tomato,Granny Smith apple,volleyball
globe,lemon,cherry
billiard ball,lime,radish
billiard ball,olive,radish
pea,wiffle ball,bowling ball
blueberry,yoga ball,super ball
croquet ball,lemon,onion
rubber ball,brussel sprout,baseball
kiwi,tennis ball,cantaloupe
hocky ball,MacIntosh apple,lime
soccer ball,blueberry,baseball
orange,nectarine,basketball
orange,pumpkin,brussel sprout
tomato,crab apple,brussel sprout
plum,Granny Smith apple,tomato
billiard ball,watermelon,radish
billiard ball,crab apple,golfball
tennis ball,MacIntosh apple,Granny Smith apple
volleyball,tomato,watermelon
super ball,beach ball,cantaloupe
crab apple,watermelon,hocky ball
blueberry,softball,hocky ball
globe,billiard ball,kiwi
soccer ball,tennis ball,grapefruit
peach,medicine ball,rubber ball
pea,medicine ball,walnut
grapefruit,medicine ball,squash ball
pumpkin,beach ball,tennis ball
tennis ball,grapefruit,basketball
pea,bowling ball,lime
yoga ball,beach ball,watermelon
olive,rubber ball,Granny Smith apple
peach,hocky ball,onion
kiwi,olive,grapefruit
soccer ball,marble,volleyball
peach,brussel sprout,Granny Smith apple
clementine,radish,basketball
wiffle ball,grapefruit,lemon
basketball,onion,orange
grapefruit,golfball,plum
nectarine,yoga ball,softball
pea,super ball,volleyball
peach,soccer ball,wiffle ball
rubber ball,olive,softball
rubber ball,onion,pea
crab apple,basketball,MacIntosh apple
pea,croquet ball,crab apple
yoga ball,bowling ball,soccer ball
volleyball,brussel sprout,yoga ball
hocky ball,super ball,Granny Smith apple
squash ball,olive,orange
olive,golfball,nectarine
lemon,Granny Smith apple,nectarine
onion,MacIntosh apple,beach ball
soccer ball,orange,golfball
yoga ball,beach ball,cantaloupe
tomato,clementine,watermelon
brussel sprout,clementine,pingpong ball
marble,bowling ball,rubber ball
lime,lemon,pingpong ball
croquet ball,baseball,volleyball
pumpkin,walnut,onion
super ball,wiffle ball,croquet ball
watermelon,brussel sprout,walnut
clementine,soccer ball,watermelon
crab apple,billiard ball,Granny Smith apple
soccer ball,radish,tomato
MacIntosh apple,nectarine,globe
plum,cherry,watermelon
beach ball,brussel sprout,Granny Smith apple
softball,Granny Smith apple,pumpkin
pingpong ball,globe,marble
croquet ball,volleyball,golfball
grapefruit,onion,basketball
blueberry,super ball,softball
Granny Smith apple,walnut,bowling ball
globe,Granny Smith apple,basketball
marble,yoga ball,hocky ball
Granny Smith apple,baseball,orange
soccer ball,tennis ball,Granny Smith apple
wiffle ball,blueberry,tennis ball
lime,soccer ball,hocky ball
pea,plum,peach
rubber ball,MacIntosh apple,onion
softball,marble,MacIntosh apple
globe,medicine ball,cantaloupe
rubber ball,plum,cantaloupe
basketball,plum,globe
golfball,beach ball,blueberry
Granny Smith apple,grapefruit,blueberry
baseball,tomato,onion
Granny Smith apple,grape,rubber ball
watermelon,grape,pingpong ball
wiffle ball,billiard ball,medicine ball
blueberry,tomato,pea
pingpong ball,cherry,golfball
medicine ball,squash ball,kiwi
plum,beach ball,peach
basketball,softball,hocky ball
plum,basketball,soccer ball
lemon,volleyball,squash ball
watermelon,pingpong ball,rubber ball
grapefruit,hocky ball,onion
grape,walnut,cherry
cantaloupe,clementine,olive
marble,rubber ball,wiffle ball
peach,baseball,grape
pumpkin,marble,radish
lime,crab apple,hocky ball
cantaloupe,tennis ball,yoga ball
MacIntosh apple,marble,tomato
hocky ball,super ball,baseball
MacIntosh apple,medicine ball,walnut
croquet ball,watermelon,volleyball
tomato,super ball,tennis ball
rubber ball,olive,bowling ball
watermelon,lime,peach
soccer ball,pea,tomato
pingpong ball,grapefruit,billiard ball
croquet ball,bowling ball,billiard ball
blueberry,crab apple,clementine
peach,radish,cherry
brussel sprout,cherry,basketball
marble,cherry,beach ball
watermelon,beach ball,peach
basketball,watermelon,orange
peach,clementine,softball
plum,kiwi,orange
marble,clementine,tennis ball
pea,wiffle ball,MacIntosh apple
radish,MacIntosh apple,Granny Smith apple
squash ball,cantaloupe,orange
hocky ball,soccer ball,super ball
lime,globe,crab apple
crab apple,nectarine,kiwi
baseball,globe,super ball
cantaloupe,squash ball,golfball
Granny Smith apple,baseball,billiard ball
tennis ball,softball,walnut
