Alligator,Alligator
Alligator,Blindworm
Alligator,Boapython
Alligator,Caiman
Alligator,Chameleon
Alligator,Cobra
Alligator,Crocodile
Alligator,Dinosaur
Alligator,Gecko
Alligator,Lizard
Alligator,Salamander
Alligator,Snake
Alligator,Toad
Alligator,Tortoise
Alligator,Turtle
Alligator,Anvil
Alligator,Axe
Alligator,Chisel
Alligator,Grindingdisk
Alligator,Hammer
Alligator,Knife
Alligator,LawnMower
Alligator,Nail
Alligator,Oilcan
Alligator,Paintbrush
Alligator,Saw
Alligator,Screwdriver
Alligator,Shovel
Alligator,Spanner
Alligator,Vacuum
Blindworm,Alligator
Blindworm,Blindworm
Blindworm,Boapython
Blindworm,Caiman
Blindworm,Chameleon
Blindworm,Cobra
Blindworm,Crocodile
Blindworm,Dinosaur
Blindworm,Gecko
Blindworm,Lizard
Blindworm,Salamander
Blindworm,Snake
Blindworm,Toad
Blindworm,Tortoise
Blindworm,Turtle
Blindworm,Anvil
Blindworm,Axe
Blindworm,Chisel
Blindworm,Grindingdisk
Blindworm,Hammer
Blindworm,Knife
Blindworm,LawnMower
Blindworm,Nail
Blindworm,Oilcan
Blindworm,Paintbrush
Blindworm,Saw
Blindworm,Screwdriver
Blindworm,Shovel
Blindworm,Spanner
Blindworm,Vacuum
Boapython,Alligator
Boapython,Blindworm
Boapython,Boapython
Boapython,Caiman
Boapython,Chameleon
Boapython,Cobra
Boapython,Crocodile
Boapython,Dinosaur
Boapython,Gecko
Boapython,Lizard
Boapython,Salamander
Boapython,Snake
Boapython,Toad
Boapython,Tortoise
Boapython,Turtle
Boapython,Anvil
Boapython,Axe
Boapython,Chisel
Boapython,Grindingdisk
Boapython,Hammer
Boapython,Knife
Boapython,LawnMower
Boapython,Nail
Boapython,Oilcan
Boapython,Paintbrush
Boapython,Saw
Boapython,Screwdriver
Boapython,Shovel
Boapython,Spanner
Boapython,Vacuum
Caiman,Alligator
Caiman,Blindworm
Caiman,Boapython
Caiman,Caiman
Caiman,Chameleon
Caiman,Cobra
Caiman,Crocodile
Caiman,Dinosaur
Caiman,Gecko
Caiman,Lizard
Caiman,Salamander
Caiman,Snake
Caiman,Toad
Caiman,Tortoise
Caiman,Turtle
Caiman,Anvil
Caiman,Axe
Caiman,Chisel
Caiman,Grindingdisk
Caiman,Hammer
Caiman,Knife
Caiman,LawnMower
Caiman,Nail
Caiman,Oilcan
Caiman,Paintbrush
Caiman,Saw
Caiman,Screwdriver
Caiman,Shovel
Caiman,Spanner
Caiman,Vacuum
Chameleon,Alligator
Chameleon,Blindworm
Chameleon,Boapython
Chameleon,Caiman
Chameleon,Chameleon
Chameleon,Cobra
Chameleon,Crocodile
Chameleon,Dinosaur
Chameleon,Gecko
Chameleon,Lizard
Chameleon,Salamander
Chameleon,Snake
Chameleon,Toad
Chameleon,Tortoise
Chameleon,Turtle
Chameleon,Anvil
Chameleon,Axe
Chameleon,Chisel
Chameleon,Grindingdisk
Chameleon,Hammer
Chameleon,Knife
Chameleon,LawnMower
Chameleon,Nail
Chameleon,Oilcan
Chameleon,Paintbrush
Chameleon,Saw
Chameleon,Screwdriver
Chameleon,Shovel
Chameleon,Spanner
Chameleon,Vacuum
Cobra,Alligator
Cobra,Blindworm
Cobra,Boapython
Cobra,Caiman
Cobra,Chameleon
Cobra,Cobra
Cobra,Crocodile
Cobra,Dinosaur
Cobra,Gecko
Cobra,Lizard
Cobra,Salamander
Cobra,Snake
Cobra,Toad
Cobra,Tortoise
Cobra,Turtle
Cobra,Anvil
Cobra,Axe
Cobra,Chisel
Cobra,Grindingdisk
Cobra,Hammer
Cobra,Knife
Cobra,LawnMower
Cobra,Nail
Cobra,Oilcan
Cobra,Paintbrush
Cobra,Saw
Cobra,Screwdriver
Cobra,Shovel
Cobra,Spanner
Cobra,Vacuum
Crocodile,Alligator
Crocodile,Blindworm
Crocodile,Boapython
Crocodile,Caiman
Crocodile,Chameleon
Crocodile,Cobra
Crocodile,Crocodile
Crocodile,Dinosaur
Crocodile,Gecko
Crocodile,Lizard
Crocodile,Salamander
Crocodile,Snake
Crocodile,Toad
Crocodile,Tortoise
Crocodile,Turtle
Crocodile,Anvil
Crocodile,Axe
Crocodile,Chisel
Crocodile,Grindingdisk
Crocodile,Hammer
Crocodile,Knife
Crocodile,LawnMower
Crocodile,Nail
Crocodile,Oilcan
Crocodile,Paintbrush
Crocodile,Saw
Crocodile,Screwdriver
Crocodile,Shovel
Crocodile,Spanner
Crocodile,Vacuum
Dinosaur,Alligator
Dinosaur,Blindworm
Dinosaur,Boapython
Dinosaur,Caiman
Dinosaur,Chameleon
Dinosaur,Cobra
Dinosaur,Crocodile
Dinosaur,Dinosaur
Dinosaur,Gecko
Dinosaur,Lizard
Dinosaur,Salamander
Dinosaur,Snake
Dinosaur,Toad
Dinosaur,Tortoise
Dinosaur,Turtle
Dinosaur,Anvil
Dinosaur,Axe
Dinosaur,Chisel
Dinosaur,Grindingdisk
Dinosaur,Hammer
Dinosaur,Knife
Dinosaur,LawnMower
Dinosaur,Nail
Dinosaur,Oilcan
Dinosaur,Paintbrush
Dinosaur,Saw
Dinosaur,Screwdriver
Dinosaur,Shovel
Dinosaur,Spanner
Dinosaur,Vacuum
Gecko,Alligator
Gecko,Blindworm
Gecko,Boapython
Gecko,Caiman
Gecko,Chameleon
Gecko,Cobra
Gecko,Crocodile
Gecko,Dinosaur
Gecko,Gecko
Gecko,Lizard
Gecko,Salamander
Gecko,Snake
Gecko,Toad
Gecko,Tortoise
Gecko,Turtle
Gecko,Anvil
Gecko,Axe
Gecko,Chisel
Gecko,Grindingdisk
Gecko,Hammer
Gecko,Knife
Gecko,LawnMower
Gecko,Nail
Gecko,Oilcan
Gecko,Paintbrush
Gecko,Saw
Gecko,Screwdriver
Gecko,Shovel
Gecko,Spanner
Gecko,Vacuum
Lizard,Alligator
Lizard,Blindworm
Lizard,Boapython
Lizard,Caiman
Lizard,Chameleon
Lizard,Cobra
Lizard,Crocodile
Lizard,Dinosaur
Lizard,Gecko
Lizard,Lizard
Lizard,Salamander
Lizard,Snake
Lizard,Toad
Lizard,Tortoise
Lizard,Turtle
Lizard,Anvil
Lizard,Axe
Lizard,Chisel
Lizard,Grindingdisk
Lizard,Hammer
Lizard,Knife
Lizard,LawnMower
Lizard,Nail
Lizard,Oilcan
Lizard,Paintbrush
Lizard,Saw
Lizard,Screwdriver
Lizard,Shovel
Lizard,Spanner
Lizard,Vacuum
Salamander,Alligator
Salamander,Blindworm
Salamander,Boapython
Salamander,Caiman
Salamander,Chameleon
Salamander,Cobra
Salamander,Crocodile
Salamander,Dinosaur
Salamander,Gecko
Salamander,Lizard
Salamander,Salamander
Salamander,Snake
Salamander,Toad
Salamander,Tortoise
Salamander,Turtle
Salamander,Anvil
Salamander,Axe
Salamander,Chisel
Salamander,Grindingdisk
Salamander,Hammer
Salamander,Knife
Salamander,LawnMower
Salamander,Nail
Salamander,Oilcan
Salamander,Paintbrush
Salamander,Saw
Salamander,Screwdriver
Salamander,Shovel
Salamander,Spanner
Salamander,Vacuum
Snake,Alligator
Snake,Blindworm
Snake,Boapython
Snake,Caiman
Snake,Chameleon
Snake,Cobra
Snake,Crocodile
Snake,Dinosaur
Snake,Gecko
Snake,Lizard
Snake,Salamander
Snake,Snake
Snake,Toad
Snake,Tortoise
Snake,Turtle
Snake,Anvil
Snake,Axe
Snake,Chisel
Snake,Grindingdisk
Snake,Hammer
Snake,Knife
Snake,LawnMower
Snake,Nail
Snake,Oilcan
Snake,Paintbrush
Snake,Saw
Snake,Screwdriver
Snake,Shovel
Snake,Spanner
Snake,Vacuum
Toad,Alligator
Toad,Blindworm
Toad,Boapython
Toad,Caiman
Toad,Chameleon
Toad,Cobra
Toad,Crocodile
Toad,Dinosaur
Toad,Gecko
Toad,Lizard
Toad,Salamander
Toad,Snake
Toad,Toad
Toad,Tortoise
Toad,Turtle
Toad,Anvil
Toad,Axe
Toad,Chisel
Toad,Grindingdisk
Toad,Hammer
Toad,Knife
Toad,LawnMower
Toad,Nail
Toad,Oilcan
Toad,Paintbrush
Toad,Saw
Toad,Screwdriver
Toad,Shovel
Toad,Spanner
Toad,Vacuum
Tortoise,Alligator
Tortoise,Blindworm
Tortoise,Boapython
Tortoise,Caiman
Tortoise,Chameleon
Tortoise,Cobra
Tortoise,Crocodile
Tortoise,Dinosaur
Tortoise,Gecko
Tortoise,Lizard
Tortoise,Salamander
Tortoise,Snake
Tortoise,Toad
Tortoise,Tortoise
Tortoise,Turtle
Tortoise,Anvil
Tortoise,Axe
Tortoise,Chisel
Tortoise,Grindingdisk
Tortoise,Hammer
Tortoise,Knife
Tortoise,LawnMower
Tortoise,Nail
Tortoise,Oilcan
Tortoise,Paintbrush
Tortoise,Saw
Tortoise,Screwdriver
Tortoise,Shovel
Tortoise,Spanner
Tortoise,Vacuum
Turtle,Alligator
Turtle,Blindworm
Turtle,Boapython
Turtle,Caiman
Turtle,Chameleon
Turtle,Cobra
Turtle,Crocodile
Turtle,Dinosaur
Turtle,Gecko
Turtle,Lizard
Turtle,Salamander
Turtle,Snake
Turtle,Toad
Turtle,Tortoise
Turtle,Turtle
Turtle,Anvil
Turtle,Axe
Turtle,Chisel
Turtle,Grindingdisk
Turtle,Hammer
Turtle,Knife
Turtle,LawnMower
Turtle,Nail
Turtle,Oilcan
Turtle,Paintbrush
Turtle,Saw
Turtle,Screwdriver
Turtle,Shovel
Turtle,Spanner
Turtle,Vacuum
Anvil,Alligator
Anvil,Blindworm
Anvil,Boapython
Anvil,Caiman
Anvil,Chameleon
Anvil,Cobra
Anvil,Crocodile
Anvil,Dinosaur
Anvil,Gecko
Anvil,Lizard
Anvil,Salamander
Anvil,Snake
Anvil,Toad
Anvil,Tortoise
Anvil,Turtle
Anvil,Anvil
Anvil,Axe
Anvil,Chisel
Anvil,Grindingdisk
Anvil,Hammer
Anvil,Knife
Anvil,LawnMower
Anvil,Nail
Anvil,Oilcan
Anvil,Paintbrush
Anvil,Saw
Anvil,Screwdriver
Anvil,Shovel
Anvil,Spanner
Anvil,Vacuum
Axe,Alligator
Axe,Blindworm
Axe,Boapython
Axe,Caiman
Axe,Chameleon
Axe,Cobra
Axe,Crocodile
Axe,Dinosaur
Axe,Gecko
Axe,Lizard
Axe,Salamander
Axe,Snake
Axe,Toad
Axe,Tortoise
Axe,Turtle
Axe,Anvil
Axe,Axe
Axe,Chisel
Axe,Grindingdisk
Axe,Hammer
Axe,Knife
Axe,LawnMower
Axe,Nail
Axe,Oilcan
Axe,Paintbrush
Axe,Saw
Axe,Screwdriver
Axe,Shovel
Axe,Spanner
Axe,Vacuum
Chisel,Alligator
Chisel,Blindworm
Chisel,Boapython
Chisel,Caiman
Chisel,Chameleon
Chisel,Cobra
Chisel,Crocodile
Chisel,Dinosaur
Chisel,Gecko
Chisel,Lizard
Chisel,Salamander
Chisel,Snake
Chisel,Toad
Chisel,Tortoise
Chisel,Turtle
Chisel,Anvil
Chisel,Axe
Chisel,Chisel
Chisel,Grindingdisk
Chisel,Hammer
Chisel,Knife
Chisel,LawnMower
Chisel,Nail
Chisel,Oilcan
Chisel,Paintbrush
Chisel,Saw
Chisel,Screwdriver
Chisel,Shovel
Chisel,Spanner
Chisel,Vacuum
Grindingdisk,Alligator
Grindingdisk,Blindworm
Grindingdisk,Boapython
Grindingdisk,Caiman
Grindingdisk,Chameleon
Grindingdisk,Cobra
Grindingdisk,Crocodile
Grindingdisk,Dinosaur
Grindingdisk,Gecko
Grindingdisk,Lizard
Grindingdisk,Salamander
Grindingdisk,Snake
Grindingdisk,Toad
Grindingdisk,Tortoise
Grindingdisk,Turtle
Grindingdisk,Anvil
Grindingdisk,Axe
Grindingdisk,Chisel
Grindingdisk,Grindingdisk
Grindingdisk,Hammer
Grindingdisk,Knife
Grindingdisk,LawnMower
Grindingdisk,Nail
Grindingdisk,Oilcan
Grindingdisk,Paintbrush
Grindingdisk,Saw
Grindingdisk,Screwdriver
Grindingdisk,Shovel
Grindingdisk,Spanner
Grindingdisk,Vacuum
Hammer,Alligator
Hammer,Blindworm
Hammer,Boapython
Hammer,Caiman
Hammer,Chameleon
Hammer,Cobra
Hammer,Crocodile
Hammer,Dinosaur
Hammer,Gecko
Hammer,Lizard
Hammer,Salamander
Hammer,Snake
Hammer,Toad
Hammer,Tortoise
Hammer,Turtle
Hammer,Anvil
Hammer,Axe
Hammer,Chisel
Hammer,Grindingdisk
Hammer,Hammer
Hammer,Knife
Hammer,LawnMower
Hammer,Nail
Hammer,Oilcan
Hammer,Paintbrush
Hammer,Saw
Hammer,Screwdriver
Hammer,Shovel
Hammer,Spanner
Hammer,Vacuum
Knife,Alligator
Knife,Blindworm
Knife,Boapython
Knife,Caiman
Knife,Chameleon
Knife,Cobra
Knife,Crocodile
Knife,Dinosaur
Knife,Gecko
Knife,Lizard
Knife,Salamander
Knife,Snake
Knife,Toad
Knife,Tortoise
Knife,Turtle
Knife,Anvil
Knife,Axe
Knife,Chisel
Knife,Grindingdisk
Knife,Hammer
Knife,Knife
Knife,LawnMower
Knife,Nail
Knife,Oilcan
Knife,Paintbrush
Knife,Saw
Knife,Screwdriver
Knife,Shovel
Knife,Spanner
Knife,Vacuum
LawnMower,Alligator
LawnMower,Blindworm
LawnMower,Boapython
LawnMower,Caiman
LawnMower,Chameleon
LawnMower,Cobra
LawnMower,Crocodile
LawnMower,Dinosaur
LawnMower,Gecko
LawnMower,Lizard
LawnMower,Salamander
LawnMower,Snake
LawnMower,Toad
LawnMower,Tortoise
LawnMower,Turtle
LawnMower,Anvil
LawnMower,Axe
LawnMower,Chisel
LawnMower,Grindingdisk
LawnMower,Hammer
LawnMower,Knife
LawnMower,LawnMower
LawnMower,Nail
LawnMower,Oilcan
LawnMower,Paintbrush
LawnMower,Saw
LawnMower,Screwdriver
LawnMower,Shovel
LawnMower,Spanner
LawnMower,Vacuum
Nail,Alligator
Nail,Blindworm
Nail,Boapython
Nail,Caiman
Nail,Chameleon
Nail,Cobra
Nail,Crocodile
Nail,Dinosaur
Nail,Gecko
Nail,Lizard
Nail,Salamander
Nail,Snake
Nail,Toad
Nail,Tortoise
Nail,Turtle
Nail,Anvil
Nail,Axe
Nail,Chisel
Nail,Grindingdisk
Nail,Hammer
Nail,Knife
Nail,LawnMower
Nail,Nail
Nail,Oilcan
Nail,Paintbrush
Nail,Saw
Nail,Screwdriver
Nail,Shovel
Nail,Spanner
Nail,Vacuum
Oilcan,Alligator
Oilcan,Blindworm
Oilcan,Boapython
Oilcan,Caiman
Oilcan,Chameleon
Oilcan,Cobra
Oilcan,Crocodile
Oilcan,Dinosaur
Oilcan,Gecko
Oilcan,Lizard
Oilcan,Salamander
Oilcan,Snake
Oilcan,Toad
Oilcan,Tortoise
Oilcan,Turtle
Oilcan,Anvil
Oilcan,Axe
Oilcan,Chisel
Oilcan,Grindingdisk
Oilcan,Hammer
Oilcan,Knife
Oilcan,LawnMower
Oilcan,Nail
Oilcan,Oilcan
Oilcan,Paintbrush
Oilcan,Saw
Oilcan,Screwdriver
Oilcan,Shovel
Oilcan,Spanner
Oilcan,Vacuum
Paintbrush,Alligator
Paintbrush,Blindworm
Paintbrush,Boapython
Paintbrush,Caiman
Paintbrush,Chameleon
Paintbrush,Cobra
Paintbrush,Crocodile
Paintbrush,Dinosaur
Paintbrush,Gecko
Paintbrush,Lizard
Paintbrush,Salamander
Paintbrush,Snake
Paintbrush,Toad
Paintbrush,Tortoise
Paintbrush,Turtle
Paintbrush,Anvil
Paintbrush,Axe
Paintbrush,Chisel
Paintbrush,Grindingdisk
Paintbrush,Hammer
Paintbrush,Knife
Paintbrush,LawnMower
Paintbrush,Nail
Paintbrush,Oilcan
Paintbrush,Paintbrush
Paintbrush,Saw
Paintbrush,Screwdriver
Paintbrush,Shovel
Paintbrush,Spanner
Paintbrush,Vacuum
Saw,Alligator
Saw,Blindworm
Saw,Boapython
Saw,Caiman
Saw,Chameleon
Saw,Cobra
Saw,Crocodile
Saw,Dinosaur
Saw,Gecko
Saw,Lizard
Saw,Salamander
Saw,Snake
Saw,Toad
Saw,Tortoise
Saw,Turtle
Saw,Anvil
Saw,Axe
Saw,Chisel
Saw,Grindingdisk
Saw,Hammer
Saw,Knife
Saw,LawnMower
Saw,Nail
Saw,Oilcan
Saw,Paintbrush
Saw,Saw
Saw,Screwdriver
Saw,Shovel
Saw,Spanner
Saw,Vacuum
Screwdriver,Alligator
Screwdriver,Blindworm
Screwdriver,Boapython
Screwdriver,Caiman
Screwdriver,Chameleon
Screwdriver,Cobra
Screwdriver,Crocodile
Screwdriver,Dinosaur
Screwdriver,Gecko
Screwdriver,Lizard
Screwdriver,Salamander
Screwdriver,Snake
Screwdriver,Toad
Screwdriver,Tortoise
Screwdriver,Turtle
Screwdriver,Anvil
Screwdriver,Axe
Screwdriver,Chisel
Screwdriver,Grindingdisk
Screwdriver,Hammer
Screwdriver,Knife
Screwdriver,LawnMower
Screwdriver,Nail
Screwdriver,Oilcan
Screwdriver,Paintbrush
Screwdriver,Saw
Screwdriver,Screwdriver
Screwdriver,Shovel
Screwdriver,Spanner
Screwdriver,Vacuum
Shovel,Alligator
Shovel,Blindworm
Shovel,Boapython
Shovel,Caiman
Shovel,Chameleon
Shovel,Cobra
Shovel,Crocodile
Shovel,Dinosaur
Shovel,Gecko
Shovel,Lizard
Shovel,Salamander
Shovel,Snake
Shovel,Toad
Shovel,Tortoise
Shovel,Turtle
Shovel,Anvil
Shovel,Axe
Shovel,Chisel
Shovel,Grindingdisk
Shovel,Hammer
Shovel,Knife
Shovel,LawnMower
Shovel,Nail
Shovel,Oilcan
Shovel,Paintbrush
Shovel,Saw
Shovel,Screwdriver
Shovel,Shovel
Shovel,Spanner
Shovel,Vacuum
Spanner,Alligator
Spanner,Blindworm
Spanner,Boapython
Spanner,Caiman
Spanner,Chameleon
Spanner,Cobra
Spanner,Crocodile
Spanner,Dinosaur
Spanner,Gecko
Spanner,Lizard
Spanner,Salamander
Spanner,Snake
Spanner,Toad
Spanner,Tortoise
Spanner,Turtle
Spanner,Anvil
Spanner,Axe
Spanner,Chisel
Spanner,Grindingdisk
Spanner,Hammer
Spanner,Knife
Spanner,LawnMower
Spanner,Nail
Spanner,Oilcan
Spanner,Paintbrush
Spanner,Saw
Spanner,Screwdriver
Spanner,Shovel
Spanner,Spanner
Spanner,Vacuum
Vacuum,Alligator
Vacuum,Blindworm
Vacuum,Boapython
Vacuum,Caiman
Vacuum,Chameleon
Vacuum,Cobra
Vacuum,Crocodile
Vacuum,Dinosaur
Vacuum,Gecko
Vacuum,Lizard
Vacuum,Salamander
Vacuum,Snake
Vacuum,Toad
Vacuum,Tortoise
Vacuum,Turtle
Vacuum,Anvil
Vacuum,Axe
Vacuum,Chisel
Vacuum,Grindingdisk
Vacuum,Hammer
Vacuum,Knife
Vacuum,LawnMower
Vacuum,Nail
Vacuum,Oilcan
Vacuum,Paintbrush
Vacuum,Saw
Vacuum,Screwdriver
Vacuum,Shovel
Vacuum,Spanner
Vacuum,Vacuum
